"Genotype","SDWT","Oil","Protein","Environment","Population"
"N18-1559",14.75,19.77,48.175,"Cla","201"
"N18-1560",16.75,20.17,47.055,"Cla","201"
"N18-1561",15.8,20.135,47.11,"Cla","201"
"N18-1562",19.15,20.805,47.18,"Cla","201"
"N18-1563",13.95,19.79,48.43,"Cla","201"
"N18-1564",17.5,21.71,44.74,"Cla","201"
"N18-1565",17.35,19.725,50.045,"Cla","201"
"N18-1567",14.45,19.81,46.65,"Cla","201"
"N18-1568",16.45,19.305,49.015,"Cla","201"
"N18-1569",14.9,20.66,46.135,"Cla","201"
"N18-1570",14.6,20.55,47.71,"Cla","201"
"N18-1571",17.1,19.175,49.2,"Cla","201"
"N18-1572",17.45,21.25,45.91,"Cla","201"
"N18-1575",19.5,21.035,49.45,"Cla","201"
"N18-1576",16.4,21.395,45.47,"Cla","201"
"N18-1577",15.9,20.395,49.315,"Cla","201"
"N18-1578",15.8,20.24,47.935,"Cla","201"
"N18-1579",13.7,20.37,45.67,"Cla","201"
"N18-1580",15.65,20.695,45.205,"Cla","201"
"N18-1581",16.7,19.285,47.54,"Cla","201"
"N18-1582",16.2,21.54,45.68,"Cla","201"
"N18-1585",14.75,20.155,46.5,"Cla","201"
"N18-1586",15.65,21.18,47.26,"Cla","201"
"N18-1587",14.85,20.25,46.535,"Cla","201"
"N18-1588",17.6,20.16,47.165,"Cla","201"
"N18-1596",17.85,20.395,46,"Cla","201"
"N18-1597",15.35,21.96,45.22,"Cla","201"
"N18-1598",16.75,21.475,46.17,"Cla","201"
"N18-1600",14,20.735,45.935,"Cla","201"
"N18-1602",15.6,19.71,47.8,"Cla","201"
"N18-1603",15,20.25,47.495,"Cla","201"
"N18-1604",16,20.74,47.53,"Cla","201"
"N18-1605",15.55,20.06,47.885,"Cla","201"
"N18-1606",15.35,21.2,45.725,"Cla","201"
"N18-1607",15.6,20.145,49.13,"Cla","201"
"N18-1608",14.3,20.42,46.385,"Cla","201"
"N18-1609",16.5,21.14,48.585,"Cla","201"
"N18-1610",16.5,21.08,46.195,"Cla","201"
"N18-1611",17,19.745,48.875,"Cla","201"
"N18-1612",17.2,20.245,47.535,"Cla","201"
"N18-1613",18.15,20.075,47.03,"Cla","201"
"N18-1614",15.9,18.905,48.745,"Cla","201"
"N18-1615",18.35,21.55,45.56,"Cla","201"
"N18-1616",16.75,20.385,46.28,"Cla","201"
"N18-1617",13.85,18.975,48.18,"Cla","201"
"N18-1619",18.35,20.175,47.655,"Cla","201"
"N18-1620",15.5,20.92,46.225,"Cla","201"
"N18-1621",16.6,19.45,48.355,"Cla","201"
"N18-1622",14.75,20.65,45.015,"Cla","201"
"N18-1623",15.55,19.905,48.32,"Cla","201"
"N18-1624",13.65,20.565,45.33,"Cla","201"
"N18-1626",16.2,20.14,48.945,"Cla","201"
"N18-1627",17.3,21.305,45.9,"Cla","201"
"N18-1628",14.8,20.2,48.865,"Cla","201"
"N18-1629",17.4,19.78,48.645,"Cla","201"
"N18-1630",16.15,19.455,48.28,"Cla","201"
"N18-1631",17.05,19.795,48.87,"Cla","201"
"N18-1632",15.65,20.94,47.665,"Cla","201"
"N18-1633",17.3,19.89,47.94,"Cla","201"
"N18-1634",16,20.19,46.575,"Cla","201"
"N18-1635",17.95,21.77,44.86,"Cla","201"
"N18-1636",16.15,20.315,48.59,"Cla","201"
"N18-1637",14.65,20.865,43.975,"Cla","201"
"N18-1638",16.05,19.205,48.985,"Cla","201"
"N18-1639",17.55,19.655,50.23,"Cla","201"
"N18-1640",17.9,19.755,48.55,"Cla","201"
"N18-1641",15.9,21.82,44.29,"Cla","201"
"N18-1642",19.25,20.58,47.7,"Cla","201"
"N18-1643",16.5,21.28,45.13,"Cla","201"
"N18-1644",14.55,21,45.565,"Cla","201"
"N18-1645",14.1,19.47,48.49,"Cla","201"
"N18-1646",12.55,19.075,48.455,"Cla","201"
"N18-1647",17,19.515,46.53,"Cla","201"
"N18-1649",16.75,19.1,49.22,"Cla","201"
"N18-1650",15.7,20.25,46.515,"Cla","201"
"N18-1651",16.65,20.525,47.97,"Cla","201"
"N18-1652",12.75,19.865,46.82,"Cla","201"
"N18-1655",17.2,19.785,49.255,"Cla","201"
"N18-1656",15.75,19.865,47.165,"Cla","201"
"N18-1658",15,19.815,48.09,"Cla","201"
"N18-1659",15.65,20.3,48.195,"Cla","201"
"N18-1661",16.15,22.22,43.545,"Cla","201"
"N18-1663",16.2,20.15,47.105,"Cla","201"
"N18-1664",15.05,19.865,47.17,"Cla","201"
"N18-1665",16.25,21.47,44.855,"Cla","201"
"N18-1666",16,20.405,48.06,"Cla","201"
"N18-1667",17.85,21.565,44.96,"Cla","201"
"N18-1668",17.15,18.825,51.275,"Cla","201"
"N18-1669",14.95,21.705,44.27,"Cla","201"
"N18-1671",16.15,20.825,48.185,"Cla","201"
"N18-1672",17.3,20.33,46.065,"Cla","201"
"N18-1673",17.15,19.755,50.085,"Cla","201"
"N18-1674",15.3,21.605,45.285,"Cla","201"
"N18-1675",15.1,19.565,48.945,"Cla","201"
"N18-1676",15.25,20.755,47.205,"Cla","201"
"N18-1677",17.1,20.335,48.37,"Cla","201"
"N18-1678",14.15,21.31,43.665,"Cla","201"
"N18-1679",19.95,20.535,48.93,"Cla","201"
"N18-1680",16.6,19.975,48.48,"Cla","201"
"N18-1681",18.05,20.495,46.05,"Cla","201"
"N18-1684",17.6,21.68,45.35,"Cla","201"
"N18-1685",17.45,22.365,46.085,"Cla","201"
"N18-1686",16.35,21.895,45.755,"Cla","201"
"N18-1687",14.85,20.425,46.26,"Cla","201"
"N18-1688",15.85,21.465,45.055,"Cla","201"
"N18-1689",12.6,19.435,48.68,"Cla","201"
"N18-1690",16.7,19.8,45.975,"Cla","201"
"N18-1691",13.9,21.135,45.975,"Cla","201"
"N18-1693",16.35,19.16,48.365,"Cla","201"
"N18-1694",17.6,21.885,44.04,"Cla","201"
"N18-1695",13.4,21.17,45.695,"Cla","201"
"N18-1696",15.15,19.815,48.025,"Cla","201"
"N18-1697",15.9,19.015,49.19,"Cla","201"
"N18-1698",16.15,19.71,48.56,"Cla","201"
"N18-1699",15.75,20.305,48.185,"Cla","201"
"N18-1700",15.95,20.965,46.6,"Cla","201"
"N18-1701",16.55,20.085,49.58,"Cla","201"
"N18-1703",17.25,21.56,44.43,"Cla","201"
"N18-1704",14.75,19.82,48.835,"Cla","201"
"N18-1705",15.1,19.865,47.055,"Cla","201"
"N18-1706",19.6,20.705,47.425,"Cla","201"
"N18-1707",15.9,20.805,45.815,"Cla","201"
"N18-1708",16.2,20.685,46.115,"Cla","201"
"N18-1709",16.25,20.735,46.155,"Cla","201"
"N18-1710",16.55,20.07,47.525,"Cla","201"
"N18-1711",16.25,21.215,46.56,"Cla","201"
"N18-1714",19.1,21.555,45.655,"Cla","201"
"N18-1715",15.2,22.125,44.63,"Cla","201"
"N18-1716",15.7,20.61,46.8,"Cla","201"
"N18-1718",15.85,20.48,46.54,"Cla","201"
"N18-1719",14.75,21.4,45.81,"Cla","201"
"N18-1720",14.8,20.37,47.94,"Cla","201"
"N18-1722",16.35,19.43,50.705,"Cla","201"
"N18-1723",16.55,19.25,49.35,"Cla","201"
"N18-1724",14.2,20.29,46.83,"Cla","201"
"N18-1725",15.45,21.1,46.1,"Cla","201"
"N18-1726",16.05,20.965,48.935,"Cla","201"
"N18-1727",15.45,20.32,48.215,"Cla","201"
"N18-1729",18.15,19.67,50.78,"Cla","201"
"N18-1730",14.75,19.72,48.79,"Cla","201"
"N18-1731",17.6,21.095,45.985,"Cla","201"
"N18-1732",16.1,21.68,46.33,"Cla","201"
"N18-1733",15.8,20.415,46.455,"Cla","201"
"N18-1734",13.8,20.47,47.09,"Cla","201"
"N18-1735",14.7,19.68,49.195,"Cla","201"
"N18-1736",16.05,20.465,48.13,"Cla","201"
"N18-1737",17.3,19.665,48.895,"Cla","201"
"N18-1738",14.55,20.055,48.275,"Cla","201"
"N18-1741",18.7,18.45,51.65,"Cla","201"
"N18-1745",14.35,20.515,46.035,"Cla","201"
"N18-1748",14.95,20.06,45.805,"Cla","201"
"N18-1749",13.65,19.99,47.245,"Cla","201"
"N18-1750",14.2,20.975,46.37,"Cla","201"
"N18-1751",16.15,20.51,45.9,"Cla","201"
"N18-1752",16.25,18.59,48.48,"Cla","201"
"N18-1753",17.3,20.96,46.76,"Cla","201"
"N18-1755",16.55,19.56,48.465,"Cla","201"
"N18-1756",15.8,20.28,46.875,"Cla","201"
"N18-1757",14.15,20.535,44.88,"Cla","201"
"N18-1758",16.75,20.385,47.305,"Cla","201"
"N18-1759",14.3,19.72,48.115,"Cla","201"
"N18-1760",18.05,18.95,49.385,"Cla","201"
"N18-1761",15.6,20.49,48.57,"Cla","201"
"N18-1762",17.05,19.78,49.42,"Cla","201"
"N18-1763",14.4,20.185,47.45,"Cla","201"
"N18-1764",14.3,20.695,47.795,"Cla","201"
"N18-1765",18.05,21.06,46.54,"Cla","201"
"N18-1766",16.9,20.56,47.09,"Cla","201"
"N18-1767",16.65,19.79,48.035,"Cla","201"
"N18-1768",15.6,21.795,43.935,"Cla","201"
"N18-1769",15.5,19.81,48.67,"Cla","201"
"N18-1771",14.9,19.985,47.435,"Cla","201"
"N18-1772",14.3,19.545,47.22,"Cla","201"
"N18-1773",16.35,20.7,44.045,"Cla","201"
"N18-1774",14.2,21.23,43.25,"Cla","201"
"N18-1776",14.4,19.25,48.33,"Cla","201"
"N18-1777",13.95,20.295,45.16,"Cla","201"
"N18-1780",15.9,20.48,47.24,"Cla","201"
"N18-1781",16.7,19.265,47.135,"Cla","201"
"N18-1782",17.4,20.915,45.49,"Cla","201"
"N18-1783",15.25,20.215,47.765,"Cla","201"
"N18-1784",15.65,20.175,47.22,"Cla","201"
"N18-1785",14.35,19.26,48.14,"Cla","201"
"N18-1786",16.55,19.075,47.91,"Cla","201"
"N18-1787",15,18.94,48.115,"Cla","201"
"N18-1788",16.25,19.485,48.52,"Cla","201"
"N18-1789",17.4,20.43,46.85,"Cla","201"
"N18-1790",13.3,20.93,44.995,"Cla","201"
"N18-1791",14.7,19.965,46.715,"Cla","201"
"N18-1792",15.95,19.465,49.455,"Cla","201"
"N18-1793",14,18.74,48.74,"Cla","201"
"N18-1794",14.6,19.22,47.945,"Cla","201"
"N18-1795",15.1,20.565,45.745,"Cla","201"
"N18-1797",14.6,20.755,44.755,"Cla","201"
"N18-1798",15.9,20.145,47.59,"Cla","201"
"N18-1799",15.45,19.845,45.895,"Cla","201"
"N18-1800",17,20.105,47.525,"Cla","201"
"N18-1801",15.1,20.605,46.295,"Cla","201"
"N18-1802",13.8,19.32,46.78,"Cla","201"
"N18-1803",14.05,20.7,44.545,"Cla","201"
"N18-1804",15.9,19.675,47.11,"Cla","201"
"N18-1805",14.1,20.295,45.115,"Cla","201"
"N18-1806",15.4,19.66,48.945,"Cla","201"
"N18-1807",15.8,20.44,46.68,"Cla","201"
"N18-1808",16.15,21.09,46.2,"Cla","201"
"N18-1809",15.7,20.205,47.595,"Cla","201"
"N18-1810",14,19.815,46.675,"Cla","201"
"N18-1811",16.05,20.99,45.035,"Cla","201"
"N18-1812",14.65,19.53,48.52,"Cla","201"
"N18-1813",14.6,21.085,46.765,"Cla","201"
"N18-1814",13.5,20.45,47.47,"Cla","201"
"N18-1816",14.85,20.52,47.71,"Cla","201"
"N18-1817",17.3,19.38,48.74,"Cla","201"
"N18-1818",14.5,19.355,47.835,"Cla","201"
"N18-1819",15.55,20.18,45.995,"Cla","201"
"N18-1820",14.6,21.125,44.98,"Cla","201"
"N18-1821",15.6,21.005,45.195,"Cla","201"
"N18-1822",15.65,19.43,48.81,"Cla","201"
"N18-1823",18.3,20.61,45.555,"Cla","201"
"N18-1824",14.6,20.95,46.555,"Cla","201"
"N18-1825",16.3,20.68,47.095,"Cla","201"
"N18-1826",14.75,21.445,44.635,"Cla","201"
"LMN09-119",17.35,20.2,48.73,"Cla","201"
"N09-09",16.43,21.17,46.21,"Cla","201"
"LMN09-119",17.424999999999,20.0274999999989,49.5200000000011,"Ply","201"
"N09-09",16.8499999999987,21.0525,46.7075,"Ply","201"
"N18-1559",12.2999999999987,20.835,45.445,"Ply","201"
"N18-1560",11.2499999999987,23.29,35.605,"Ply","201"
"N18-1561",15.2999999999987,21.825,44.5,"Ply","201"
"N18-1562",16.3999999999987,22.605,43.245,"Ply","201"
"N18-1563",11.7999999999987,22.215,43.255,"Ply","201"
"N18-1564",15.8999999999987,22.78,42.64,"Ply","201"
"N18-1565",14.1999999999987,22.61,42.875,"Ply","201"
"N18-1567",10.8499999999987,23.255,37.18,"Ply","201"
"N18-1568",12.5499999999987,23.175,41.335,"Ply","201"
"N18-1569",14.0999999999987,21.395,44.235,"Ply","201"
"N18-1570",14.3999999999987,21.28,45.66,"Ply","201"
"N18-1571",13.3499999999987,21.61,42.08,"Ply","201"
"N18-1572",16.5999999999987,22.665,44.275,"Ply","201"
"N18-1575",17.9999999999987,21.315,47.895,"Ply","201"
"N18-1576",14.2999999999987,22.56,42.49,"Ply","201"
"N18-1577",14.7999999999987,20.99,47.125,"Ply","201"
"N18-1578",14.3499999999987,20.475,45.905,"Ply","201"
"N18-1579",15.5499999999987,22.19,43.925,"Ply","201"
"N18-1580",15.3499999999987,22.335,41.735,"Ply","201"
"N18-1581",15.2999999999987,21.72,41.695,"Ply","201"
"N18-1582",15.1499999999987,20.93,45.24,"Ply","201"
"N18-1585",15.0499999999987,23.07,41.06,"Ply","201"
"N18-1586",14.0499999999987,21.575,45.75,"Ply","201"
"N18-1587",14.5499999999987,21.075,44.515,"Ply","201"
"N18-1588",16.0999999999987,22.035,43.3,"Ply","201"
"N18-1596",15.0499999999987,21.865,42.11,"Ply","201"
"N18-1597",15.7499999999987,23.02,43.24,"Ply","201"
"N18-1598",15.5499999999987,22.27,43.325,"Ply","201"
"N18-1600",11.6999999999987,22.475,41.41,"Ply","201"
"N18-1602",15.3999999999987,21.3,44.77,"Ply","201"
"N18-1603",12.0999999999987,23.07,38.815,"Ply","201"
"N18-1604",16.3499999999987,22.78,43.745,"Ply","201"
"N18-1605",14.0499999999987,23.805,39.3,"Ply","201"
"N18-1606",14.6499999999987,22.285,42.19,"Ply","201"
"N18-1607",12.4999999999987,21.565,44.24,"Ply","201"
"N18-1608",14.3499999999987,21.37,43.345,"Ply","201"
"N18-1609",13.2499999999987,24.755,38.975,"Ply","201"
"N18-1610",15.2999999999987,22.345,42.925,"Ply","201"
"N18-1611",12.4999999999987,22.99,39.475,"Ply","201"
"N18-1612",12.3499999999987,23.58,39.39,"Ply","201"
"N18-1613",16.6499999999987,20.36,45.74,"Ply","201"
"N18-1614",14.1999999999987,20.6,45.98,"Ply","201"
"N18-1615",17.2999999999987,22.65,44.12,"Ply","201"
"N18-1616",12.6999999999987,23.075,39.28,"Ply","201"
"N18-1617",14.3999999999987,21.07,44.99,"Ply","201"
"N18-1619",16.3999999999987,20.9,44.36,"Ply","201"
"N18-1620",14.6499999999987,22.655,42.765,"Ply","201"
"N18-1621",14.0999999999987,20.225,45.655,"Ply","201"
"N18-1622",15.4499999999987,22.155,42.655,"Ply","201"
"N18-1623",12.8499999999987,22.675,39.81,"Ply","201"
"N18-1624",11.6999999999987,23.67,39.395,"Ply","201"
"N18-1626",15.7999999999987,19.625,48.98,"Ply","201"
"N18-1627",16.4499999999987,21.745,44.72,"Ply","201"
"N18-1628",14.4999999999987,20.37,49.21,"Ply","201"
"N18-1629",16.7999999999987,20.69,46.09,"Ply","201"
"N18-1630",16.7999999999987,20.245,46.77,"Ply","201"
"N18-1631",14.3499999999987,22.62,41.93,"Ply","201"
"N18-1632",15.2499999999987,22.515,44.945,"Ply","201"
"N18-1633",16.5999999999987,21.7199962704425,43.75,"Ply","201"
"N18-1634",15.2499999999987,23.905,38.82,"Ply","201"
"N18-1635",16.2499999999987,22.745,43.3,"Ply","201"
"N18-1636",15.0499999999987,21.665,45.155,"Ply","201"
"N18-1637",11.6999999999987,24.235,34.2,"Ply","201"
"N18-1638",12.5999999999987,22.965,38.59,"Ply","201"
"N18-1639",15.7999999999987,21.51,44.775,"Ply","201"
"N18-1640",13.1499999999987,22.21,41.48,"Ply","201"
"N18-1641",15.3499999999987,22.685,42.95,"Ply","201"
"N18-1642",16.5499999999987,22.015,43.725,"Ply","201"
"N18-1643",15.0999999999987,22.62,42.865,"Ply","201"
"N18-1644",11.3999999999987,23.405,38.585,"Ply","201"
"N18-1645",13.8999999999987,20.81,45.865,"Ply","201"
"N18-1646",14.5999999999987,21.16,43.615,"Ply","201"
"N18-1647",16.3499999999987,20.84,43.395,"Ply","201"
"N18-1649",16.7999999999987,19.87,46.2,"Ply","201"
"N18-1650",14.3999999999987,21.51,43.945,"Ply","201"
"N18-1651",12.3999999999987,23.42,38.36,"Ply","201"
"N18-1652",11.2999999999987,21.97,40.61,"Ply","201"
"N18-1655",14.9499999999987,19.885,48.26,"Ply","201"
"N18-1656",14.0499999999987,21.035,42.85,"Ply","201"
"N18-1658",11.1999999999987,20.83,43.05,"Ply","201"
"N18-1659",14.4499999999987,20.53,47.985,"Ply","201"
"N18-1661",14.5499999999987,22.85,43.055,"Ply","201"
"N18-1663",16.0499999999987,20.39,46.465,"Ply","201"
"N18-1664",13.0999999999987,20.85,44.73,"Ply","201"
"N18-1665",14.8999999999987,22.525,42.78,"Ply","201"
"N18-1666",12.8499999999987,22.83,42.43,"Ply","201"
"N18-1667",15.2999999999987,23.595,39.675,"Ply","201"
"N18-1668",14.7499999999987,20.225,46.97,"Ply","201"
"N18-1669",15.5999999999987,22.055,43.015,"Ply","201"
"N18-1671",15.9499999999987,21.62,46.015,"Ply","201"
"N18-1672",13.2999999999987,23.165,39.895,"Ply","201"
"N18-1673",10.9499999999987,23.565,39.635,"Ply","201"
"N18-1674",15.1499999999987,22.35,44.205,"Ply","201"
"N18-1675",15.6499999999987,20.375,46.675,"Ply","201"
"N18-1676",13.3999999999987,19.98,46.44,"Ply","201"
"N18-1677",15.2499999999987,22.155,45.235,"Ply","201"
"N18-1678",13.6999999999987,22.05,41.745,"Ply","201"
"N18-1679",17.8999999999987,21.93,45.225,"Ply","201"
"N18-1680",11.7999999999987,23.565,40.03,"Ply","201"
"N18-1681",16.3999999999987,21.09,44.735,"Ply","201"
"N18-1684",15.6999999999987,22.51,43.485,"Ply","201"
"N18-1685",12.4999999999987,25.21,35.875,"Ply","201"
"N18-1686",14.9499999999987,22.91,42.425,"Ply","201"
"N18-1687",17.6999999999987,21.165,44.42,"Ply","201"
"N18-1688",15.5999999999987,21.82,44.7,"Ply","201"
"N18-1689",12.7499999999987,21.91,42.745,"Ply","201"
"N18-1690",14.6499999999987,22.315,41.26,"Ply","201"
"N18-1691",15.9999999999987,22.14,43.095,"Ply","201"
"N18-1693",15.1999999999987,20.895,44.325,"Ply","201"
"N18-1694",15.6999999999987,22.225,42.405,"Ply","201"
"N18-1695",11.0999999999987,23.57,37.635,"Ply","201"
"N18-1696",15.9999999999987,22.35,43.045,"Ply","201"
"N18-1697",13.0499999999987,22.29,40.455,"Ply","201"
"N18-1698",14.8999999999987,20.235,46.795,"Ply","201"
"N18-1699",15.0999999999987,21.14,46.425,"Ply","201"
"N18-1700",14.4499999999987,23.255,42.105,"Ply","201"
"N18-1701",14.7999999999987,21.07,47.665,"Ply","201"
"N18-1703",13.3499999999987,23.48,41.36,"Ply","201"
"N18-1704",14.0999999999987,20.065,46.565,"Ply","201"
"N18-1705",13.3999999999987,21.975,43.28,"Ply","201"
"N18-1706",16.9999999999987,23.95,39.03,"Ply","201"
"N18-1707",15.6499999999987,21.64,44.6,"Ply","201"
"N18-1708",15.2499999999987,22.055,43.405,"Ply","201"
"N18-1709",14.5499999999987,21.615,43.435,"Ply","201"
"N18-1710",13.4499999999987,22.49,39.725,"Ply","201"
"N18-1711",13.8999999999987,22.01,44.1,"Ply","201"
"N18-1714",15.1499999999987,24.2,36.905,"Ply","201"
"N18-1715",14.8499999999987,23.65,41.755,"Ply","201"
"N18-1716",17.4499999999987,20.59,44.91,"Ply","201"
"N18-1718",14.6499999999987,21.935,42.435,"Ply","201"
"N18-1719",13.8499999999987,21.375,46.04,"Ply","201"
"N18-1720",14.6999999999987,22.765,40.64,"Ply","201"
"N18-1722",14.2999999999987,22.16,42.98,"Ply","201"
"N18-1723",15.0499999999987,20.615,45.47,"Ply","201"
"N18-1724",14.0999999999987,21.415,44.625,"Ply","201"
"N18-1725",14.3999999999987,24.43,38.52,"Ply","201"
"N18-1726",12.8999999999987,22.735,44.2,"Ply","201"
"N18-1727",14.0999999999987,21.285,44.09,"Ply","201"
"N18-1729",16.2499999999987,19.99,48.68,"Ply","201"
"N18-1730",15.2499999999987,22.175,42.71,"Ply","201"
"N18-1731",17.3999999999987,22.44,44.19,"Ply","201"
"N18-1732",17.8999999999987,22.755,43.86,"Ply","201"
"N18-1733",13.1999999999987,22.495,42.385,"Ply","201"
"N18-1734",14.1999999999987,21.71,43.68,"Ply","201"
"N18-1735",11.7999999999987,23.925,38.04,"Ply","201"
"N18-1736",15.6999999999987,21.425,45.71,"Ply","201"
"N18-1737",14.7999999999987,20.505,46.72,"Ply","201"
"N18-1738",12.5999999999987,22.91,39.57,"Ply","201"
"N18-1741",14.3499999999987,21.135,44.52,"Ply","201"
"N18-1745",15.5999999999987,21.65,44.745,"Ply","201"
"N18-1748",14.4499999999987,20.85,45.545,"Ply","201"
"N18-1749",11.4499999999987,23.815,35.845,"Ply","201"
"N18-1751",16.1999999999987,22.17,43.655,"Ply","201"
"N18-1752",12.6499999999987,22.64,38.775,"Ply","201"
"N18-1753",18.0999999999987,22.785,44.195,"Ply","201"
"N18-1755",13.4499999999987,23.075,41.255,"Ply","201"
"N18-1756",13.1999999999987,20.945,44.6,"Ply","201"
"N18-1757",13.3499999999987,22.64,40.96,"Ply","201"
"N18-1758",16.9499999999987,21.735,45.49,"Ply","201"
"N18-1759",11.1499999999987,23.48,38.355,"Ply","201"
"N18-1760",17.4499999999987,19.27,48.57,"Ply","201"
"N18-1761",14.7499999999987,20.57,48.38,"Ply","201"
"N18-1762",14.6499999999987,22.65,42.525,"Ply","201"
"N18-1763",14.0499999999987,20.87,46.82,"Ply","201"
"N18-1764",14.1499999999987,20.245,47.08,"Ply","201"
"N18-1765",15.9999999999987,22.08,42.42,"Ply","201"
"N18-1766",16.8999999999987,21.48,44.165,"Ply","201"
"N18-1767",17.4999999999987,20.525,46.665,"Ply","201"
"N18-1768",14.5999999999987,23.905,39.61,"Ply","201"
"N18-1769",14.4999999999987,20.64,46.735,"Ply","201"
"N18-1771",13.0499999999987,23.215,41.185,"Ply","201"
"N18-1772",14.1999999999987,20.9,44.8,"Ply","201"
"N18-1773",13.9499999999987,21.94,42.135,"Ply","201"
"N18-1774",14.9499999999987,21.885,42.51,"Ply","201"
"N18-1776",13.3499999999987,22.68,42.81,"Ply","201"
"N18-1777",15.7499999999987,21.525,43.92,"Ply","201"
"N18-1780",14.9499999999987,23.34,42.19,"Ply","201"
"N18-1781",12.3499999999987,23.805,38.11,"Ply","201"
"N18-1782",18.1999999999987,21.86,44.82,"Ply","201"
"N18-1783",14.1499999999987,21.785,45.205,"Ply","201"
"N18-1784",13.1999999999987,23.785,38.715,"Ply","201"
"N18-1785",14.1999999999987,21.355,44.86,"Ply","201"
"N18-1786",13.1999999999987,21.955,40.15,"Ply","201"
"N18-1787",12.1499999999987,22.3,40.89,"Ply","201"
"N18-1788",14.3499999999987,23.385,39.41,"Ply","201"
"N18-1789",14.3499999999987,23.27,38.95,"Ply","201"
"N18-1790",14.0999999999987,22.17,42.34,"Ply","201"
"N18-1791",13.5499999999987,24.41,37.805,"Ply","201"
"N18-1792",16.5999999999987,20.635,48.065,"Ply","201"
"N18-1793",13.8999999999987,20.67,45.02,"Ply","201"
"N18-1794",12.9999999999987,22.46,41.075,"Ply","201"
"N18-1795",14.3999999999987,22.235,42.71,"Ply","201"
"N18-1797",15.5499999999987,22.115,42.825,"Ply","201"
"N18-1798",15.0999999999987,22.49,41.38,"Ply","201"
"N18-1799",16.5499999999987,21.73,42.33,"Ply","201"
"N18-1800",17.6999999999987,21.86,43.37,"Ply","201"
"N18-1801",16.9999999999987,22.915,43.66,"Ply","201"
"N18-1802",13.3999999999987,19.885,45.63,"Ply","201"
"N18-1803",13.8999999999987,21.485,43.985,"Ply","201"
"N18-1804",14.1499999999987,22.235,41.005,"Ply","201"
"N18-1805",16.3999999999987,21.635,44.41,"Ply","201"
"N18-1806",16.1499999999987,20.24,46.845,"Ply","201"
"N18-1807",15.9499999999987,21.76,45.045,"Ply","201"
"N18-1808",14.7999999999987,22.73,41.605,"Ply","201"
"N18-1809",13.4499999999987,23,40.76,"Ply","201"
"N18-1810",13.4499999999987,20.175,46.985,"Ply","201"
"N18-1811",15.1499999999987,22.805,40.38,"Ply","201"
"N18-1812",14.9999999999987,20.61,46.105,"Ply","201"
"N18-1813",13.3999999999987,24.65,37.03,"Ply","201"
"N18-1814",13.3499999999987,20.915,45.78,"Ply","201"
"N18-1816",12.9999999999987,23.845,38.98,"Ply","201"
"N18-1817",17.5999999999987,20.86,46.885,"Ply","201"
"N18-1818",14.0999999999987,19.94,47.285,"Ply","201"
"N18-1819",16.5499999999987,21.465,43.75,"Ply","201"
"N18-1820",16.6499999999987,22.66,43.475,"Ply","201"
"N18-1821",17.0999999999987,22.025,44.36,"Ply","201"
"N18-1822",17.4999999999987,19.765,48.345,"Ply","201"
"N18-1823",18.5499999999987,21.85,44.63,"Ply","201"
"N18-1824",16.7999999999987,21.845,44.21,"Ply","201"
"N18-1825",15.5999999999987,22.985,41.25,"Ply","201"
"N18-1826",17.7999999999987,22.14,43.795,"Ply","201"
"LMN09-119",17.3749999999995,20.6749999999995,48.1849999999953,"Cas","201"
"N09-09",16.3499999999992,21.649999999999,45.6399999999958,"Cas","201"
"N18-1559",13.3999999999992,21.299999999999,45.6599999999958,"Cas","201"
"N18-1560",17.5499999999992,20.474999999999,46.2299999999958,"Cas","201"
"N18-1561",15.7999999999992,21.799999999999,44.4249999999958,"Cas","201"
"N18-1562",19.7999999999992,21.654999999999,45.6249999999958,"Cas","201"
"N18-1563",14.6499999999992,20.994999999999,46.8049999999958,"Cas","201"
"N18-1564",15.6999999999992,23.844999999999,40.4149999999958,"Cas","201"
"N18-1565",19.1499999999992,20.109999999999,48.7099999999958,"Cas","201"
"N18-1567",15.6499999999992,20.674999999999,46.2399999999958,"Cas","201"
"N18-1568",17.2499999999992,21.034999999999,48.0899999999958,"Cas","201"
"N18-1569",13.2499999999992,23.209999999999,41.7199999999958,"Cas","201"
"N18-1570",15.4999999999992,21.369999999999,45.0449999999958,"Cas","201"
"N18-1571",17.5499999999992,20.534999999999,47.2699999999958,"Cas","201"
"N18-1572",17.2999999999992,23.064999999999,43.1699999999958,"Cas","201"
"N18-1575",18.0999999999992,22.234999999999,46.0549999999958,"Cas","201"
"N18-1576",18.5999999999992,22.484999999999,44.1899999999958,"Cas","201"
"N18-1577",15.0999999999992,21.259999999999,46.9599999999958,"Cas","201"
"N18-1578",15.1499999999992,21.444999999999,45.8999999999958,"Cas","201"
"N18-1579",16.2999999999992,22.579999999999,42.9999999999958,"Cas","201"
"N18-1580",13.5999999999992,23.779999999999,38.4449999999958,"Cas","201"
"N18-1581",17.0499999999992,22.454999999999,43.5299999999958,"Cas","201"
"N18-1582",18.2499999999992,21.044999999999,47.7299999999958,"Cas","201"
"N18-1585",18.3499999999992,21.929999999999,43.8699999999958,"Cas","201"
"N18-1586",13.6499999999992,22.279999999999,43.9849999999958,"Cas","201"
"N18-1587",13.8499999999992,21.654999999999,43.1049999999958,"Cas","201"
"N18-1588",17.3499999999992,23.309999999999,42.5349999999958,"Cas","201"
"N18-1596",17.0499999999992,21.089999999999,44.9649999999958,"Cas","201"
"N18-1597",15.9999999999992,22.984999999999,41.8699999999958,"Cas","201"
"N18-1598",19.8499999999992,22.084999999999,45.4599999999958,"Cas","201"
"N18-1600",13.5999999999992,20.999999999999,44.6549999999958,"Cas","201"
"N18-1602",14.8499999999992,22.249999999999,43.1599999999958,"Cas","201"
"N18-1603",17.8499999999992,21.329999999999,46.0199999999958,"Cas","201"
"N18-1604",18.2999999999992,23.009999999999,42.7099999999958,"Cas","201"
"N18-1605",17.4499999999992,22.284999999999,45.4099999999958,"Cas","201"
"N18-1606",15.5999999999992,22.464999999999,43.8049999999958,"Cas","201"
"N18-1607",15.6499999999992,20.564999999999,47.4199999999958,"Cas","201"
"N18-1608",15.6999999999992,21.894999999999,42.5599999999958,"Cas","201"
"N18-1609",18.2999999999992,22.864999999999,46.1899999999958,"Cas","201"
"N18-1610",17.2499999999992,21.714999999999,45.3149999999958,"Cas","201"
"N18-1611",16.0499999999992,20.494999999999,47.3949999999958,"Cas","201"
"N18-1612",16.9499999999992,20.314999999999,47.8299999999958,"Cas","201"
"N18-1613",16.1999999999992,21.624999999999,43.4899999999958,"Cas","201"
"N18-1614",15.0999999999992,20.669999999999,45.0549999999958,"Cas","201"
"N18-1615",16.7999999999992,22.614999999999,43.4949999999958,"Cas","201"
"N18-1616",16.2499999999992,22.639999999999,43.1549999999958,"Cas","201"
"N18-1617",13.1499999999992,22.469999999999,42.3749999999958,"Cas","201"
"N18-1619",16.0499999999992,21.424999999999,44.0249999999958,"Cas","201"
"N18-1620",16.2999999999992,22.524999999999,42.3899999999958,"Cas","201"
"N18-1621",18.8499999999992,18.649999999999,49.0349999999958,"Cas","201"
"N18-1622",13.8999999999992,22.934999999999,42.1099999999958,"Cas","201"
"N18-1623",15.8999999999992,20.469999999999,47.3349999999958,"Cas","201"
"N18-1624",13.3999999999992,22.624999999999,43.9099999999958,"Cas","201"
"N18-1626",14.7499999999992,20.524999999999,47.7449999999958,"Cas","201"
"N18-1627",15.7499999999992,23.159999999999,43.8649999999958,"Cas","201"
"N18-1628",14.7999999999992,20.719999999999,48.0199999999958,"Cas","201"
"N18-1629",18.4499999999992,19.089999999999,49.3549999999958,"Cas","201"
"N18-1630",17.0999999999992,21.109999999999,45.2549999999958,"Cas","201"
"N18-1631",18.4999999999992,21.184999999999,46.7999999999958,"Cas","201"
"N18-1632",16.0499999999992,22.224999999999,45.2899999999958,"Cas","201"
"N18-1633",16.8999999999992,21.109999999999,44.8399999999958,"Cas","201"
"N18-1634",17.5999999999992,21.674999999999,44.1299999999958,"Cas","201"
"N18-1635",17.3999999999992,22.459999999999,43.6799999999958,"Cas","201"
"N18-1636",15.8499999999992,21.039999999999,47.2499999999958,"Cas","201"
"N18-1637",17.0499999999992,22.089999999999,43.8549999999958,"Cas","201"
"N18-1638",15.5499999999992,20.424999999999,47.2699999999958,"Cas","201"
"N18-1639",20.1999999999992,19.589999999999,50.9149999999958,"Cas","201"
"N18-1640",14.0499999999992,20.589999999999,47.0099999999958,"Cas","201"
"N18-1641",17.0499999999992,22.794999999999,42.6549999999958,"Cas","201"
"N18-1642",19.2499999999992,19.519999999999,47.6949999999958,"Cas","201"
"N18-1643",15.8999999999992,22.744999999999,43.5049999999958,"Cas","201"
"N18-1644",15.4499999999992,21.959999999999,45.0449999999958,"Cas","201"
"N18-1645",14.9499999999992,21.154999999999,46.0699999999958,"Cas","201"
"N18-1646",16.3499999999992,20.899999999999,46.0699999999958,"Cas","201"
"N18-1647",18.4499999999992,19.304999999999,47.5949999999958,"Cas","201"
"N18-1649",16.1499999999992,18.804999999999,49.1899999999958,"Cas","201"
"N18-1650",15.7499999999992,21.624999999999,45.4849999999958,"Cas","201"
"N18-1651",16.0999999999992,21.494999999999,46.6249999999958,"Cas","201"
"N18-1652",13.3999999999992,20.354999999999,46.6849999999958,"Cas","201"
"N18-1655",15.0999999999992,20.824999999999,45.9699999999958,"Cas","201"
"N18-1656",16.3999999999992,20.344999999999,47.1949999999958,"Cas","201"
"N18-1658",13.7499999999992,20.909999999999,45.3099999999958,"Cas","201"
"N18-1659",13.6999999999992,21.889999999999,46.0249999999958,"Cas","201"
"N18-1661",14.7499999999992,24.054999999999,40.7249999999958,"Cas","201"
"N18-1663",16.9999999999992,21.109999999999,45.6149999999958,"Cas","201"
"N18-1664",12.9999999999992,21.689999999999,43.3049999999958,"Cas","201"
"N18-1665",15.1499999999992,22.674999999999,41.3549999999958,"Cas","201"
"N18-1666",15.7999999999992,21.504999999999,46.1599999999958,"Cas","201"
"N18-1667",20.6999999999992,22.109999999999,45.2949999999958,"Cas","201"
"N18-1668",17.4499999999992,19.264999999999,50.4699999999958,"Cas","201"
"N18-1669",16.7499999999992,22.884999999999,42.1799999999958,"Cas","201"
"N18-1671",15.8999999999992,21.974999999999,46.5049999999958,"Cas","201"
"N18-1672",16.1999999999992,20.964999999999,46.0099999999958,"Cas","201"
"N18-1673",15.3499999999992,20.494999999999,49.5199999999958,"Cas","201"
"N18-1674",17.0499999999992,21.824999999999,44.6949999999958,"Cas","201"
"N18-1675",15.2999999999992,20.299999999999,45.7299999999958,"Cas","201"
"N18-1676",13.3999999999992,21.059999999999,45.8749999999958,"Cas","201"
"N18-1677",16.2499999999992,21.664999999999,47.3449999999958,"Cas","201"
"N18-1678",15.9999999999992,22.299999999999,43.2099999999958,"Cas","201"
"N18-1679",20.8999999999992,21.169999999999,48.0249999999958,"Cas","201"
"N18-1680",16.6999999999992,21.364999999999,46.7099999999958,"Cas","201"
"N18-1681",17.1999999999992,22.029999999999,43.7299999999958,"Cas","201"
"N18-1684",16.7499999999992,23.234999999999,43.9849999999958,"Cas","201"
"N18-1685",17.7499999999992,22.444999999999,45.4399999999958,"Cas","201"
"N18-1686",19.4999999999992,22.219999999999,45.4499999999958,"Cas","201"
"N18-1687",19.4499999999992,20.379999999999,46.3199999999958,"Cas","201"
"N18-1688",16.7999999999992,21.154999999999,45.4349999999958,"Cas","201"
"N18-1689",15.9499999999992,21.154999999999,47.4099999999958,"Cas","201"
"N18-1690",18.1499999999992,21.274999999999,45.8649999999958,"Cas","201"
"N18-1691",16.6999999999992,21.989999999999,44.4449999999958,"Cas","201"
"N18-1693",14.7499999999992,21.159999999999,44.8099999999958,"Cas","201"
"N18-1694",15.5999999999992,22.999999999999,41.8649999999958,"Cas","201"
"N18-1695",12.1999999999992,22.809999999999,43.6849999999958,"Cas","201"
"N18-1696",17.4499999999992,21.539999999999,45.4249999999958,"Cas","201"
"N18-1697",18.9499999999992,19.859999999999,49.2949999999958,"Cas","201"
"N18-1698",17.9499999999992,19.434999999999,48.9849999999958,"Cas","201"
"N18-1699",15.9499999999992,21.119999999999,46.7749999999958,"Cas","201"
"N18-1700",17.7499999999992,21.659999999999,46.3049999999958,"Cas","201"
"N18-1701",15.0499999999992,21.104999999999,47.1699999999958,"Cas","201"
"N18-1703",15.8499999999992,23.704999999999,42.7349999999958,"Cas","201"
"N18-1704",13.5999999999992,21.409999999999,43.9999999999958,"Cas","201"
"N18-1705",13.5999999999992,22.279999999999,44.1949999999958,"Cas","201"
"N18-1706",20.2499999999992,22.709999999999,44.1149999999958,"Cas","201"
"N18-1707",16.0999999999992,22.284999999999,44.4949999999958,"Cas","201"
"N18-1708",16.2499999999992,20.339999999999,46.1449999999958,"Cas","201"
"N18-1709",15.4499999999992,22.464999999999,43.4549999999958,"Cas","201"
"N18-1710",17.4999999999992,21.464999999999,45.9299999999958,"Cas","201"
"N18-1711",14.3999999999992,22.064999999999,43.0949999999958,"Cas","201"
"N18-1714",19.3999999999992,21.914999999999,45.5399999999958,"Cas","201"
"N18-1715",16.1999999999992,23.374999999999,43.2749999999958,"Cas","201"
"N18-1716",16.3999999999992,20.699999999999,45.5649999999958,"Cas","201"
"N18-1718",16.6499999999992,22.174999999999,44.2649999999958,"Cas","201"
"N18-1719",14.7499999999992,22.609999999999,44.3049999999958,"Cas","201"
"N18-1720",18.0999999999992,21.459999999999,46.6249999999958,"Cas","201"
"N18-1722",16.3999999999992,22.544999999999,45.2049999999958,"Cas","201"
"N18-1723",18.7499999999992,21.119999999999,46.0749999999958,"Cas","201"
"N18-1724",14.6499999999992,22.364999999999,43.4599999999958,"Cas","201"
"N18-1725",17.2999999999992,21.969999999999,45.2799999999958,"Cas","201"
"N18-1726",14.1999999999992,20.144999999999,49.2649999999958,"Cas","201"
"N18-1727",13.7999999999992,20.459999999999,46.1349999999958,"Cas","201"
"N18-1729",18.7499999999992,19.089999999999,51.0799999999958,"Cas","201"
"N18-1730",14.6999999999992,21.109999999999,45.5149999999958,"Cas","201"
"N18-1731",18.4999999999992,22.314999999999,43.6849999999958,"Cas","201"
"N18-1732",18.5999999999992,22.244999999999,45.2249999999958,"Cas","201"
"N18-1733",14.6999999999992,22.719999999999,42.9899999999958,"Cas","201"
"N18-1734",14.0999999999992,21.969999999999,45.3699999999958,"Cas","201"
"N18-1735",13.0499999999992,20.989999999999,46.5149999999958,"Cas","201"
"N18-1736",13.6999999999992,21.729999999999,46.1299999999958,"Cas","201"
"N18-1737",15.1999999999992,21.724999999999,45.8649999999958,"Cas","201"
"N18-1738",16.2999999999992,18.894999999999,50.2599999999958,"Cas","201"
"N18-1741",18.1999999999992,20.069999999999,48.4349999999958,"Cas","201"
"N18-1745",16.2499999999992,21.629999999999,44.2099999999958,"Cas","201"
"N18-1748",13.8999999999992,21.759999999999,43.5449999999958,"Cas","201"
"N18-1749",14.6499999999992,21.594999999999,43.5899999999958,"Cas","201"
"N18-1750",12.4499999999992,22.124999999999,44.0549999999958,"Cas","201"
"N18-1751",16.4499999999992,22.349999999999,43.4349999999958,"Cas","201"
"N18-1752",17.0999999999992,20.144999999999,48.3999999999958,"Cas","201"
"N18-1753",18.7999999999992,22.299999999999,45.0399999999958,"Cas","201"
"N18-1755",17.4499999999992,19.969999999999,48.9199999999958,"Cas","201"
"N18-1756",15.1499999999992,20.799999999999,46.6299999999958,"Cas","201"
"N18-1757",16.4999999999992,21.339999999999,44.7149999999958,"Cas","201"
"N18-1758",16.5499999999992,22.269999999999,44.5749999999958,"Cas","201"
"N18-1759",14.1999999999992,21.139999999999,45.8249999999958,"Cas","201"
"N18-1760",18.9999999999992,19.654999999999,49.0749999999958,"Cas","201"
"N18-1761",15.4999999999992,21.314999999999,48.0349999999958,"Cas","201"
"N18-1762",17.4499999999992,20.054999999999,49.2349999999958,"Cas","201"
"N18-1763",15.8499999999992,21.364999999999,45.8649999999958,"Cas","201"
"N18-1764",13.2499999999992,21.609999999999,44.8649999999958,"Cas","201"
"N18-1765",17.0499999999992,22.009999999999,44.4299999999958,"Cas","201"
"N18-1766",17.0999999999992,21.609999999999,45.4399999999958,"Cas","201"
"N18-1767",19.0999999999992,20.799999999999,47.5949999999958,"Cas","201"
"N18-1768",16.8999999999992,24.129999999999,41.4949999999958,"Cas","201"
"N18-1769",14.4499999999992,21.774999999999,46.3149999999958,"Cas","201"
"N18-1771",16.8999999999992,20.509999999999,48.4099999999958,"Cas","201"
"N18-1772",14.9499999999992,21.304999999999,45.2549999999958,"Cas","201"
"N18-1773",15.8499999999992,21.579999999999,43.4099999999958,"Cas","201"
"N18-1774",16.5999999999992,20.799999999999,45.5549999999958,"Cas","201"
"N18-1776",14.3499999999992,21.764999999999,45.1799999999958,"Cas","201"
"N18-1777",16.0499999999992,21.279999999999,43.6899999999958,"Cas","201"
"N18-1780",20.3999999999992,21.559999999999,46.2199999999958,"Cas","201"
"N18-1781",19.6999999999992,21.219999999999,46.0649999999958,"Cas","201"
"N18-1782",18.0999999999992,23.449999999999,42.6999999999958,"Cas","201"
"N18-1783",14.8999999999992,22.409999999999,44.8349999999958,"Cas","201"
"N18-1784",17.1499999999992,20.084999999999,47.9549999999958,"Cas","201"
"N18-1785",16.4999999999992,20.594999999999,47.6949999999958,"Cas","201"
"N18-1786",16.0999999999992,19.639999999999,48.2049999999958,"Cas","201"
"N18-1787",14.4999999999992,20.939999999999,45.7699999999958,"Cas","201"
"N18-1788",19.2499999999992,21.049999999999,48.5699999999958,"Cas","201"
"N18-1789",19.8499999999992,20.594999999999,46.2449999999958,"Cas","201"
"N18-1790",15.3999999999992,21.819999999999,44.1849999999958,"Cas","201"
"N18-1791",15.3499999999992,22.289999999999,44.9449999999958,"Cas","201"
"N18-1792",16.9999999999992,21.439999999999,46.8199999999958,"Cas","201"
"N18-1793",14.6499999999992,20.869999999999,46.4899999999958,"Cas","201"
"N18-1794",14.7499999999992,19.844999999999,48.2049999999958,"Cas","201"
"N18-1795",16.0499999999992,21.794999999999,44.8499999999958,"Cas","201"
"N18-1797",16.3999999999992,22.304999999999,44.4699999999958,"Cas","201"
"N18-1798",15.4499999999992,22.544999999999,45.5599999999958,"Cas","201"
"N18-1799",19.1999999999992,21.789999999999,44.7799999999958,"Cas","201"
"N18-1800",19.6499999999992,20.579999999999,46.6749999999958,"Cas","201"
"N18-1801",17.4999999999992,23.214999999999,44.1899999999958,"Cas","201"
"N18-1802",13.7999999999992,19.864999999999,46.5049999999958,"Cas","201"
"N18-1803",13.8499999999992,22.084999999999,43.1749999999958,"Cas","201"
"N18-1804",17.2499999999992,19.644999999999,49.5049999999958,"Cas","201"
"N18-1805",15.3999999999992,21.769999999999,44.6049999999958,"Cas","201"
"N18-1806",16.7499999999992,20.104999999999,48.6149999999958,"Cas","201"
"N18-1807",15.8999999999992,22.604999999999,43.2399999999958,"Cas","201"
"N18-1808",15.9499999999992,21.954999999999,45.3549999999958,"Cas","201"
"N18-1809",14.2999999999992,21.154999999999,47.6749999999958,"Cas","201"
"N18-1810",14.9999999999992,20.969999999999,44.5799999999958,"Cas","201"
"N18-1811",17.6999999999992,21.629999999999,45.3099999999958,"Cas","201"
"N18-1812",14.7499999999992,21.899999999999,43.9099999999958,"Cas","201"
"N18-1813",15.8999999999992,23.064999999999,45.0249999999958,"Cas","201"
"N18-1814",12.0499999999992,22.514999999999,42.9199999999958,"Cas","201"
"N18-1816",17.0999999999992,20.199999999999,48.5049999999958,"Cas","201"
"N18-1817",16.3999999999992,20.634999999999,46.4699999999958,"Cas","201"
"N18-1818",15.3499999999992,19.684999999999,47.8799999999958,"Cas","201"
"N18-1819",18.3999999999992,21.604999999999,45.3099999999958,"Cas","201"
"N18-1820",15.8499999999992,23.299999999999,41.8949999999958,"Cas","201"
"N18-1821",16.9499999999992,21.779999999999,43.7499999999958,"Cas","201"
"N18-1822",17.6499999999992,19.784999999999,47.9749999999958,"Cas","201"
"N18-1823",18.4999999999992,21.899999999999,43.6949999999958,"Cas","201"
"N18-1824",17.2999999999992,21.709999999999,45.4799999999958,"Cas","201"
"N18-1825",16.3499999999992,22.539999999999,45.8349999999958,"Cas","201"
"N18-1826",15.6499999999992,23.209999999999,43.2649999999958,"Cas","201"
"CB-318",15.15,21.915,45.525,"Cla","202"
"CB-346",14.6,20.895,45.855,"Cla","202"
"CB-351",15.05,19.425,48.58,"Cla","202"
"CB-372",16.15,20.01,47.355,"Cla","202"
"CB-383",15.75,20.47,46.955,"Cla","202"
"CB-406",13.45,19.505,48.69,"Cla","202"
"CB-421",17.25,20.045,47.89,"Cla","202"
"CB-423",12.95,19.575,48.72,"Cla","202"
"CB-425",15.7,20.205,49.18,"Cla","202"
"CB-429",14.45,19.715,48.505,"Cla","202"
"CB-430",13.8,20.305,45.995,"Cla","202"
"CB-433",15.45,19.51,49.62,"Cla","202"
"CB-436",13.75,20.525,48.025,"Cla","202"
"CB-443",12.5,19.87,48.225,"Cla","202"
"CB-446",14.95,20.21,48.05,"Cla","202"
"CB-448",12.8,19.61,48.73,"Cla","202"
"CB-472",13.85,20.445,49.125,"Cla","202"
"CB-491",14.1,21.635,43.85,"Cla","202"
"CB-511",15.1,21.425,43.77,"Cla","202"
"CB-512",14.5,20.29,47.7,"Cla","202"
"CB-521",16,19.165,49.955,"Cla","202"
"CB-534",13.85,19.725,47.595,"Cla","202"
"CB-541",15.35,21.655,45.84,"Cla","202"
"N18-1831",15.55,18.605,50.715,"Cla","202"
"N18-1832",15.35,20.69,46.74,"Cla","202"
"N18-1833",17.15,22.27,44.61,"Cla","202"
"N18-1834",13.2,21.7,44.98,"Cla","202"
"N18-1835",15.65,21.4,47.315,"Cla","202"
"N18-1836",14.8,21.35,45.285,"Cla","202"
"N18-1837",15.5,20.965,46.475,"Cla","202"
"N18-1838",14.6,21.215,47.775,"Cla","202"
"N18-1839",9.6,21.26,45.27,"Cla","202"
"N18-1840",13.95,22.495,44.35,"Cla","202"
"N18-1841",17.85,22.31,43.735,"Cla","202"
"N18-1842",15.55,20.6,47.635,"Cla","202"
"N18-1843",16.9,20.73,48.555,"Cla","202"
"N18-1844",14.8,21.355,45.42,"Cla","202"
"N18-1845",14.05,19.5,48.045,"Cla","202"
"N18-1846",14.7,20.77,46.39,"Cla","202"
"N18-1847",13.85,20.45,46.035,"Cla","202"
"N18-1848",17.6,22.06,43.945,"Cla","202"
"N18-1849",14.7,21.44,43.66,"Cla","202"
"N18-1850",13.4,20.38,47.49,"Cla","202"
"N18-1851",12.45,19.43,47.985,"Cla","202"
"N18-1853",16.65,19.99,48.18,"Cla","202"
"N18-1854",15,19.965,47.535,"Cla","202"
"N18-1855",17.15,20.255,48.775,"Cla","202"
"N18-1856",15.15,19.31,48.62,"Cla","202"
"N18-1857",15.7,21.975,45.305,"Cla","202"
"N18-1859",14.7,21.02,47.325,"Cla","202"
"N18-1860",14.9,20.835,48.07,"Cla","202"
"N18-1861",13.45,19.5,49.53,"Cla","202"
"N18-1862",15.65,20.82,47.055,"Cla","202"
"N18-1863",14.2,21.115,44.845,"Cla","202"
"N18-1864",14.05,18.865,51.08,"Cla","202"
"N18-1866",12.25,21.215,45.66,"Cla","202"
"N18-1867",14.85,20.02,47.14,"Cla","202"
"N18-1868",12.8,19.94,49.355,"Cla","202"
"N18-1869",16.25,19.945,48.675,"Cla","202"
"N18-1870",13.8,19.895,48.88,"Cla","202"
"N18-1871",15.4,21.42,45.435,"Cla","202"
"N18-1873",13.6,20.34,45.43,"Cla","202"
"N18-1874",15.95,21.46,46.1,"Cla","202"
"N18-1875",13.55,19.455,49.095,"Cla","202"
"N18-1876",15.75,20.135,46.835,"Cla","202"
"N18-1877",13.8,18.935,49.72,"Cla","202"
"N18-1878",15.9,21.24,46.555,"Cla","202"
"N18-1879",14.2,20.705,46.86,"Cla","202"
"N18-1880",16.3,21.15,44.465,"Cla","202"
"N18-1881",13.2,20.66,47.555,"Cla","202"
"N18-1883",14.15,19.95,46.795,"Cla","202"
"N18-1884",13.15,19.94,47.885,"Cla","202"
"N18-1885",14.55,20.995,45.895,"Cla","202"
"N18-1886",15.45,19.605,49.08,"Cla","202"
"N18-1887",16.7,20.47,47.665,"Cla","202"
"N18-1888",15.95,22.205,45.52,"Cla","202"
"N18-1889",14.6,19.685,49.085,"Cla","202"
"N18-1890",14.5,21.23,46.845,"Cla","202"
"N18-1891",15.75,20.49,47.535,"Cla","202"
"N18-1892",14.15,21.11,44.25,"Cla","202"
"N18-1893",15.8,20.55,47.115,"Cla","202"
"N18-1894",14,21.945,46.035,"Cla","202"
"N18-1895",15.95,20.175,47.44,"Cla","202"
"N18-1896",12.5,20.71,45.62,"Cla","202"
"N18-1897",14.15,20.67,47.635,"Cla","202"
"N18-1898",14.6,21.51,44.285,"Cla","202"
"N18-1899",14.05,19.29,48.11,"Cla","202"
"N18-1900",12.55,20.47,46.8,"Cla","202"
"N18-1901",14.9,21.805,44.33,"Cla","202"
"N18-1902",13.2,20.79,47.475,"Cla","202"
"N18-1903",15.4,19.56,48.275,"Cla","202"
"N18-1904",16.55,21.615,44.635,"Cla","202"
"N18-1905",15.25,22.52,45.565,"Cla","202"
"N18-1906",17.7,21.44,45.665,"Cla","202"
"N18-1907",15.4,18.265,49.935,"Cla","202"
"N18-1908",17.2,21.445,44.92,"Cla","202"
"N18-1909",20.2,22,44.365,"Cla","202"
"N18-1910",15.95,20.475,46.265,"Cla","202"
"N18-1911",16.8,20.09,48.145,"Cla","202"
"N18-1912",14.15,21.25,46.92,"Cla","202"
"N18-1913",15.3,19.855,48.425,"Cla","202"
"N18-1914",16.9,22.225,42.67,"Cla","202"
"N18-1915",16.3,21.625,44.865,"Cla","202"
"N18-1916",14.55,20.745,46.21,"Cla","202"
"N18-1917",16,22.255,43.16,"Cla","202"
"N18-1918",18.8,21.45,44.28,"Cla","202"
"N18-1919",16.5,19.43,49.395,"Cla","202"
"N18-1920",18.1,21.02,45.735,"Cla","202"
"N18-1921",14.55,20.14,47.795,"Cla","202"
"N18-1922",15.35,21.115,44.325,"Cla","202"
"N18-1923",15.85,20.51,45.93,"Cla","202"
"N18-1924",14.3,21.245,45.22,"Cla","202"
"N18-1925",17.4,20.825,44.955,"Cla","202"
"N18-1926",15.3,20.805,46.205,"Cla","202"
"N18-1927",17.85,20.7,46.535,"Cla","202"
"N18-1928",15.7,21.165,45.26,"Cla","202"
"N18-1929",15.35,19.51,49.185,"Cla","202"
"N18-1930",18.3,22.105,42.46,"Cla","202"
"N18-1931",14.75,19.255,49.775,"Cla","202"
"N18-1932",20.35,21.68,45.3,"Cla","202"
"N18-1933",14.45,19.885,48.55,"Cla","202"
"N18-1934",17.15,21.47,44.83,"Cla","202"
"N18-1936",17.65,22.2,45.585,"Cla","202"
"N18-1937",17.2,21.69,45.16,"Cla","202"
"N18-1939",13.6,19.585,47.315,"Cla","202"
"N18-1941",13.75,19.635,48.31,"Cla","202"
"N18-1942",14.2,20.315,48.155,"Cla","202"
"N18-1944",11.75,19.875,47.83,"Cla","202"
"N18-1945",13.85,20.91,48.275,"Cla","202"
"N18-1946",13.95,20.915,46.5,"Cla","202"
"N18-1947",14.2,20.435,47.85,"Cla","202"
"N18-1948",15.95,18.775,50.185,"Cla","202"
"N18-1949",14.1,21.285,44.97,"Cla","202"
"N18-1950",16,20.42,46.755,"Cla","202"
"N18-1951",15.3,20.765,47.26,"Cla","202"
"N18-1952",15.3,21.215,47.06,"Cla","202"
"N18-1953",19.05,21.975,45.44,"Cla","202"
"N18-1954",18.75,20.65,46.815,"Cla","202"
"N18-1955",16,21.075,46.17,"Cla","202"
"N18-1956",15,21.33,46.03,"Cla","202"
"N18-1957",16.45,20.645,45.88,"Cla","202"
"N18-1958",12.75,19.955,48.425,"Cla","202"
"N18-1959",15.5,19.39,47.66,"Cla","202"
"N18-1960",15.35,19.08,49.015,"Cla","202"
"N18-1961",14.05,20.455,44.475,"Cla","202"
"N18-1962",15.25,20.595,47.05,"Cla","202"
"N18-1963",17.65,20.865,47.105,"Cla","202"
"N18-1964",14.4,19.075,48.92,"Cla","202"
"N18-1965",16.65,20.24,48.885,"Cla","202"
"N18-1966",14.85,19.785,47.93,"Cla","202"
"N18-1967",17.1,21.16,45.765,"Cla","202"
"N18-1968",17.4,20.75,45.61,"Cla","202"
"N18-1969",15.5,20.005,47.56,"Cla","202"
"N18-1970",15.85,20.55,46.215,"Cla","202"
"N18-1971",13.65,19.835,48.485,"Cla","202"
"N18-1972",15.8,19.865,46.635,"Cla","202"
"N18-1973",17.55,21.945,45.88,"Cla","202"
"N18-1974",15,20.255,46.14,"Cla","202"
"N18-1975",14.05,21.565,45.32,"Cla","202"
"N18-1977",13.7,17.915,49.765,"Cla","202"
"N18-1978",14.7,20.52,47.335,"Cla","202"
"N18-1979",14.1,19,48.765,"Cla","202"
"N18-1980",14.15,21.2,44.75,"Cla","202"
"N18-1981",14.4,20.195,47.575,"Cla","202"
"N18-1982",16.55,20.88,46.585,"Cla","202"
"N18-1983",13.95,21.795,43.285,"Cla","202"
"N18-1984",14.15,20.315,46.16,"Cla","202"
"N18-1985",16.05,19.68,48.765,"Cla","202"
"N18-1986",14.1,19.785,49.39,"Cla","202"
"N18-1987",17.75,19.665,45.36,"Cla","202"
"N18-1988",14.85,19.325,49.925,"Cla","202"
"N18-1990",15.1,21.175,45.2,"Cla","202"
"N18-1991",17.95,19.205,48.385,"Cla","202"
"N18-1992",16.95,20.97,46.2,"Cla","202"
"N18-1993",15.55,22.39,43.695,"Cla","202"
"N18-1994",11.6,20.63,46.435,"Cla","202"
"N18-1995",15.2,21.825,43.21,"Cla","202"
"N18-1996",16.4,21.195,45.555,"Cla","202"
"N18-1997",15.4,21.6,45.785,"Cla","202"
"N18-1998",15.85,21.115,44.55,"Cla","202"
"N18-1999",15.45,19.555,49.105,"Cla","202"
"N18-2000",17.8,22.445,44.38,"Cla","202"
"N18-2001",15.65,21.045,45.16,"Cla","202"
"N18-2002",16,21.15,44.805,"Cla","202"
"N18-2003",14.55,21.085,44.64,"Cla","202"
"N18-2004",13.7,20.085,47.895,"Cla","202"
"N18-2005",13.8,19.995,46.605,"Cla","202"
"N18-2006",15.35,20.535,47.62,"Cla","202"
"N18-2007",16,22.735,43.365,"Cla","202"
"N18-2008",13.85,19.545,45.455,"Cla","202"
"N18-2009",15,20.33,47.155,"Cla","202"
"N18-2011",14.3,19.625,48.62,"Cla","202"
"N18-2012",11.95,20.475,46.155,"Cla","202"
"N18-2013",15.7,20.97,44.365,"Cla","202"
"N18-2014",15.75,19.575,49.09,"Cla","202"
"N18-2015",14.6,19.09,48.785,"Cla","202"
"LMN09-19",18.91,19.78,49.72,"Cla","202"
"N13-47",15.21,25.35,39.21,"Cla","202"
"CB-318",14.5500000000022,24.4169081610372,40.4800988199022,"Ply","202"
"CB-346",15.95,23.3819081610372,40.9300988199044,"Ply","202"
"CB-351",15.85,20.7519081610372,47.2950988199043,"Ply","202"
"CB-372",14.1,23.9819081610372,40.6100988199043,"Ply","202"
"CB-383",18.95,21.8469081610372,44.2750988199044,"Ply","202"
"CB-406",13.5,23.5869081610372,40.9950988199043,"Ply","202"
"CB-421",20.15,22.3819081610372,46.3200988199044,"Ply","202"
"CB-423",15.75,21.7769081610372,46.0550988199043,"Ply","202"
"CB-425",17.55,21.3119081610372,48.0850988199043,"Ply","202"
"CB-429",17.1,21.3219081610372,46.6050988199043,"Ply","202"
"CB-430",14.05,21.8069081610372,43.9350988199043,"Ply","202"
"CB-433",16.2,22.5719081610372,44.1500988199044,"Ply","202"
"CB-436",14.9,22.2719081610372,46.2400988199043,"Ply","202"
"CB-443",14.5,22.7869081610372,45.2800988199043,"Ply","202"
"CB-446",13.25,24.1569081610372,39.8850988199043,"Ply","202"
"CB-448",13.4,22.1019081610372,44.5900988199043,"Ply","202"
"CB-472",14.1,22.1969081610372,45.8900988199043,"Ply","202"
"CB-491",14.3,23.7119081610372,40.4050988199043,"Ply","202"
"CB-511",15.1,24.6669081610372,37.6500988199044,"Ply","202"
"CB-512",16.6,21.7369081610372,45.7300988199043,"Ply","202"
"CB-521",15.95,21.9769081610372,44.2050988199043,"Ply","202"
"CB-534",14.85,20.1069081610372,46.9500988199043,"Ply","202"
"CB-541",15.8,23.6119081610372,43.3450988199044,"Ply","202"
"LMN09-19",18.75,19.6144081610372,49.9475988199043,"Ply","202"
"N13-47",13.55,25.5319081610372,39.1725988199043,"Ply","202"
"N18-1831",18.3,20.8169081610372,47.8700988199043,"Ply","202"
"N18-1832",17.8,22.8519081610372,43.6150988199044,"Ply","202"
"N18-1833",18.6,24.0319081610372,43.9100988199043,"Ply","202"
"N18-1834",15.55,23.0919081610372,43.1650988199044,"Ply","202"
"N18-1835",15.95,22.4369081610372,46.4650988199043,"Ply","202"
"N18-1836",15.1,23.7869081610372,41.3200988199043,"Ply","202"
"N18-1837",18.45,21.8169081610372,45.7850988199043,"Ply","202"
"N18-1838",15.75,21.5069081610372,46.8900988199043,"Ply","202"
"N18-1839",10.45,21.7619081610372,44.6700988199043,"Ply","202"
"N18-1840",16.8,23.4069081610372,43.6650988199044,"Ply","202"
"N18-1841",20.3,22.8269081610372,42.9400988199043,"Ply","202"
"N18-1842",19.6,21.4219081610372,46.3150988199043,"Ply","202"
"N18-1843",15.95,24.5019081610372,41.0500988199043,"Ply","202"
"N18-1844",17.8,22.8119081610372,44.6250988199043,"Ply","202"
"N18-1845",15.35,22.8569081610372,40.8300988199044,"Ply","202"
"N18-1846",20.6085797419016,22.4317595250349,42.6919876123939,"Ply","202"
"N18-1847",16.6,22.4519081610372,43.1500988199044,"Ply","202"
"N18-1848",16.5,24.6519081610372,36.5750988199043,"Ply","202"
"N18-1849",13.95,23.3269081610372,41.4350988199043,"Ply","202"
"N18-1850",14.5,21.5619081610372,45.8550988199043,"Ply","202"
"N18-1851",15.8,20.4719081610372,47.0450988199043,"Ply","202"
"N18-1853",17.8,22.2469081610372,45.8750988199043,"Ply","202"
"N18-1854",17.85,22.5419081610372,43.7350988199043,"Ply","202"
"N18-1855",18.5,22.4519081610372,45.6900988199043,"Ply","202"
"N18-1856",17,21.2769081610372,46.7750988199043,"Ply","202"
"N18-1857",16.5,23.2669081610372,44.7150988199043,"Ply","202"
"N18-1859",16.9,22.6869081610372,44.0700988199044,"Ply","202"
"N18-1860",15.95,21.9719081610372,46.1650988199043,"Ply","202"
"N18-1861",16.3085797419016,21.7569081610372,47.0450988199043,"Ply","202"
"N18-1862",16.35,22.4969081610372,43.4350988199043,"Ply","202"
"N18-1863",14.2,23.7069081610372,38.3200988199044,"Ply","202"
"N18-1864",15.65,21.4919081610372,47.7900988199044,"Ply","202"
"N18-1866",12.35,24.7719081610372,38.7100988199044,"Ply","202"
"N18-1867",17.15,22.3169081610372,43.3000988199043,"Ply","202"
"N18-1868",15.45,20.6719081610372,47.5300988199043,"Ply","202"
"N18-1869",17.35,22.1519081610372,45.9050988199043,"Ply","202"
"N18-1870",15.4,22.2019081610372,46.8050988199044,"Ply","202"
"N18-1871",17.45,23.9319081610372,42.0750988199043,"Ply","202"
"N18-1873",15.1,22.8119081610372,41.9350988199043,"Ply","202"
"N18-1874",17.25,23.1969081610372,43.5300988199043,"Ply","202"
"N18-1875",17.15,20.9769081610372,47.7400988199043,"Ply","202"
"N18-1876",19.75,21.2719081610372,46.9150988199043,"Ply","202"
"N18-1877",15.9,22.3669081610372,44.4200988199043,"Ply","202"
"N18-1878",19.2,21.2519081610372,46.5850988199043,"Ply","202"
"N18-1879",17.15,21.9719081610372,44.1350988199043,"Ply","202"
"N18-1880",16.8,21.5669081610372,44.2450988199043,"Ply","202"
"N18-1881",11.65,25.0669081610372,37.9650988199043,"Ply","202"
"N18-1883",13.4,22.5419081610372,41.9050988199043,"Ply","202"
"N18-1884",15.1,21.9669081610372,46.7250988199043,"Ply","202"
"N18-1885",15.4,22.7469081610372,43.7900988199044,"Ply","202"
"N18-1886",16.5,22.4919081610372,45.0450988199043,"Ply","202"
"N18-1887",17.75,22.5219081610372,44.4000988199044,"Ply","202"
"N18-1888",14.95,25.7319081610372,37.5400988199044,"Ply","202"
"N18-1889",16.75,21.4019081610372,48.0850988199043,"Ply","202"
"N18-1890",17.85,21.8069081610372,45.0850988199043,"Ply","202"
"N18-1891",20,20.5519081610372,48.2000988199043,"Ply","202"
"N18-1892",16.3,22.3319081610372,43.7650988199043,"Ply","202"
"N18-1893",17.1,22.6719081610372,43.1350988199043,"Ply","202"
"N18-1894",15.2,23.0769081610372,44.1850988199043,"Ply","202"
"N18-1895",17.85,23.6019081610372,44.0050988199043,"Ply","202"
"N18-1896",13.7,24.1969081610372,38.4400988199043,"Ply","202"
"N18-1897",17.25,22.2019081610372,46.2550988199043,"Ply","202"
"N18-1898",14.55,24.4069081610372,40.7450988199043,"Ply","202"
"N18-1899",17.45,18.7269081610372,50.2600988199043,"Ply","202"
"N18-1900",16.65,22.7719081610372,42.9100988199043,"Ply","202"
"N18-1901",18.15,23.6469081610372,42.5700988199043,"Ply","202"
"N18-1902",20,21.5719081610372,46.7650988199043,"Ply","202"
"N18-1903",17.45,20.6269081610372,47.4450988199043,"Ply","202"
"N18-1904",17.25,22.2619081610372,44.0050988199043,"Ply","202"
"N18-1905",18,24.9869081610372,43.0900988199043,"Ply","202"
"N18-1906",16.8,22.9869081610372,44.0500988199043,"Ply","202"
"N18-1907",15.2,21.7069081610372,43.9100988199043,"Ply","202"
"N18-1908",18.05,22.7769081610372,44.3000988199043,"Ply","202"
"N18-1909",15.7,25.7619081610372,36.4500988199043,"Ply","202"
"N18-1910",18.5,22.1419081610372,44.9750988199043,"Ply","202"
"N18-1911",16.35,21.3969081610372,47.3850988199043,"Ply","202"
"N18-1912",14.4,24.2719081610372,40.3350988199044,"Ply","202"
"N18-1913",16.3,22.4219081610372,44.8550988199043,"Ply","202"
"N18-1914",16.55,23.2919081610372,41.7400988199043,"Ply","202"
"N18-1915",16.15,22.6619081610372,43.9450988199044,"Ply","202"
"N18-1916",17.85,22.3669081610372,44.2750988199043,"Ply","202"
"N18-1917",15.75,24.3869081610372,39.8000988199043,"Ply","202"
"N18-1918",17.95,22.3069081610372,43.2000988199043,"Ply","202"
"N18-1919",17.4,20.0919081610372,48.2850988199043,"Ply","202"
"N18-1920",14.2,24.0119081610372,39.6700988199043,"Ply","202"
"N18-1921",15.75,20.9469081610372,47.2450988199043,"Ply","202"
"N18-1922",15.25,22.2569081610372,44.0800988199044,"Ply","202"
"N18-1923",16.25,22.9219081610372,43.9450988199043,"Ply","202"
"N18-1924",16.75,21.7919081610372,45.5650988199043,"Ply","202"
"N18-1925",15.8,23.3019081610372,43.3100988199043,"Ply","202"
"N18-1926",15.8,23.2519081610372,42.7050988199043,"Ply","202"
"N18-1927",19.45,22.9769081610372,44.2600988199043,"Ply","202"
"N18-1928",13.9,24.8019081610372,37.9200988199043,"Ply","202"
"N18-1929",16.55,21.5969081610372,46.8650988199043,"Ply","202"
"N18-1930",17.5,23.2119081610372,41.3500988199044,"Ply","202"
"N18-1931",15.8,22.1019081610372,45.7300988199043,"Ply","202"
"N18-1932",19.85,22.8169081610372,44.8550988199043,"Ply","202"
"N18-1933",15.3,21.9519081610372,43.8650988199044,"Ply","202"
"N18-1934",17.4,23.5969081610372,42.4050988199043,"Ply","202"
"N18-1936",17.1,22.9519081610372,44.6750988199043,"Ply","202"
"N18-1937",17.45,20.6669081610372,47.3600988199043,"Ply","202"
"N18-1939",16.6,21.5769081610372,45.4050988199043,"Ply","202"
"N18-1941",14.7,23.9069081610372,40.2700988199044,"Ply","202"
"N18-1942",12.55,23.6269081610372,40.6350988199043,"Ply","202"
"N18-1944",13.2,21.2019081610372,46.1650988199043,"Ply","202"
"N18-1945",14.4,23.1769081610372,42.6850988199043,"Ply","202"
"N18-1946",12.15,22.8119081610372,45.2250988199044,"Ply","202"
"N18-1947",13.95,24.4719081610372,40.6250988199043,"Ply","202"
"N18-1948",18.45,20.3319081610372,49.1050988199043,"Ply","202"
"N18-1949",14.7,23.9769081610372,42.6300988199043,"Ply","202"
"N18-1950",17.25,23.5569081610372,43.6600988199043,"Ply","202"
"N18-1951",16.5,22.9719081610372,45.5100988199043,"Ply","202"
"N18-1952",13.2,24.3069081610372,41.1350988199043,"Ply","202"
"N18-1953",19.35,21.5219081610372,45.5900988199043,"Ply","202"
"N18-1954",15.2,24.5469081610372,37.1100988199044,"Ply","202"
"N18-1955",14.15,25.1019081610372,38.7350988199043,"Ply","202"
"N18-1956",16.4,24.0919081610372,42.2750988199044,"Ply","202"
"N18-1957",16.75,23.1269081610372,41.5900988199043,"Ply","202"
"N18-1958",14.45,21.6519081610372,45.8650988199043,"Ply","202"
"N18-1959",16.3,20.3519081610372,48.1200988199043,"Ply","202"
"N18-1960",16.9,19.3119081610372,49.1150988199044,"Ply","202"
"N18-1961",12.95,23.2619081610372,38.4100988199043,"Ply","202"
"N18-1962",14.55,22.8819081610372,44.3700988199043,"Ply","202"
"N18-1963",17.1085797419016,22.2369081610372,45.5850988199044,"Ply","202"
"N18-1964",16.35,21.1519081610372,45.9250988199043,"Ply","202"
"N18-1965",17.15,22.1919081610372,46.7000988199043,"Ply","202"
"N18-1966",13.7,21.9069081610372,46.4900988199043,"Ply","202"
"N18-1967",16.75,23.7269081610372,42.4100988199043,"Ply","202"
"N18-1968",19.3,23.6919081610372,43.2700988199043,"Ply","202"
"N18-1969",16.4,24.4869081610372,39.5900988199043,"Ply","202"
"N18-1970",16.2,22.8619081610372,44.2400988199044,"Ply","202"
"N18-1971",14.9,21.5919081610372,47.5200988199043,"Ply","202"
"N18-1972",17.6,21.5819081610372,45.5900988199043,"Ply","202"
"N18-1973",18.5914202580985,23.8419081610372,43.2850988199043,"Ply","202"
"N18-1974",19.15,23.8169081610372,42.1900988199043,"Ply","202"
"N18-1975",13.75,25.0769081610372,38.7350988199043,"Ply","202"
"N18-1977",19,21.0869081610372,46.8150988199043,"Ply","202"
"N18-1978",17.1,22.7219081610372,44.5700988199043,"Ply","202"
"N18-1979",13.65,20.9769081610372,47.0900988199043,"Ply","202"
"N18-1980",16.95,22.1469081610372,44.1000988199044,"Ply","202"
"N18-1981",14.3,20.5619081610372,48.5650988199043,"Ply","202"
"N18-1982",16.15,23.6069081610372,44.0700988199044,"Ply","202"
"N18-1983",16.05,24.4119081610372,40.6650988199043,"Ply","202"
"N18-1984",14.75,24.3319081610372,39.7600988199043,"Ply","202"
"N18-1985",16.5,22.3469081610372,44.7700988199043,"Ply","202"
"N18-1986",14.5,23.3269081610372,44.7300988199043,"Ply","202"
"N18-1987",17.05,23.4569081610372,40.1500988199044,"Ply","202"
"N18-1988",17.25,21.7669081610372,46.0600988199043,"Ply","202"
"N18-1990",15.85,22.3819081610372,45.4500988199043,"Ply","202"
"N18-1991",19.45,20.4233333333334,47.976666666667,"Ply","202"
"N18-1992",19.45,22.3469081610372,46.1550988199043,"Ply","202"
"N18-1993",14.7,23.2319081610372,42.1200988199043,"Ply","202"
"N18-1994",15.9,23.1219081610372,43.0000988199043,"Ply","202"
"N18-1995",14.25,24.7669081610372,36.8100988199044,"Ply","202"
"N18-1996",15.65,22.7419081610372,43.5300988199043,"Ply","202"
"N18-1997",15.3,22.8019081610372,43.8450988199043,"Ply","202"
"N18-1998",15.15,22.8669081610372,41.0900988199043,"Ply","202"
"N18-1999",16.6,20.5169081610372,48.4800988199044,"Ply","202"
"N18-2000",15.5,24.6819081610372,38.8900988199044,"Ply","202"
"N18-2001",17.45,21.6269081610372,44.8550988199043,"Ply","202"
"N18-2002",17.1,23.2719081610372,41.3700988199043,"Ply","202"
"N18-2003",13.1,25.5019081610372,36.3850988199044,"Ply","202"
"N18-2004",15.2,22.6719081610372,44.7250988199043,"Ply","202"
"N18-2005",13.8,23.3969081610372,41.5150988199043,"Ply","202"
"N18-2006",16.2,23.0919081610372,45.3400988199043,"Ply","202"
"N18-2007",16.4,24.3619081610372,41.6250988199043,"Ply","202"
"N18-2008",13.8,24.2069081610372,37.8600988199044,"Ply","202"
"N18-2009",16.65,23.2019081610372,42.9950988199043,"Ply","202"
"N18-2011",16.95,21.9669081610372,45.9850988199043,"Ply","202"
"N18-2012",14.2,21.8169081610372,44.7850988199043,"Ply","202"
"N18-2013",14.7,25.5319081610372,36.1550988199044,"Ply","202"
"N18-2014",15.25,23.4819081610372,41.7850988199043,"Ply","202"
"N18-2015",14.7,22.2169081610372,43.6750988199043,"Ply","202"
"CB-318",19.1500000000018,22.4766870245521,46.5580990549664,"Cas","202"
"CB-346",20.7,22.2116870245518,45.4330990549683,"Cas","202"
"CB-351",18.3,21.7916870245518,46.7280990549683,"Cas","202"
"CB-372",17.6,21.9566870245518,46.2980990549683,"Cas","202"
"CB-383",17.3,21.0416870245518,45.6630990549683,"Cas","202"
"CB-406",15.25,22.5516870245518,45.7630990549683,"Cas","202"
"CB-421",19.85,23.0266870245518,44.7730990549683,"Cas","202"
"CB-423",16.6,20.7566870245518,49.2130990549683,"Cas","202"
"CB-425",19.15,20.4516870245518,49.3730990549683,"Cas","202"
"CB-429",19.1,20.5766870245518,48.6180990549683,"Cas","202"
"CB-430",16.8,21.8416870245518,44.7680990549683,"Cas","202"
"CB-433",19.1,22.5116870245518,45.9530990549683,"Cas","202"
"CB-436",16.75,22.2366870245518,47.2130990549683,"Cas","202"
"CB-443",15.25,22.2216870245518,47.2930990549683,"Cas","202"
"CB-446",17.4,21.4816870245518,48.0980990549683,"Cas","202"
"CB-448",16.8,20.4566870245518,48.6280990549683,"Cas","202"
"CB-472",14.95,21.4766870245518,48.3830990549683,"Cas","202"
"CB-491",16.75,22.7966870245518,43.8780990549683,"Cas","202"
"CB-511",18.35,23.1766870245518,42.3180990549683,"Cas","202"
"CB-512",17.25,22.2816870245518,46.0630990549683,"Cas","202"
"CB-521",19.4,21.2766870245518,48.3980990549683,"Cas","202"
"CB-534",14.85,19.3766870245518,48.5730990549683,"Cas","202"
"CB-541",18.3,23.7816870245518,44.0730990549683,"Cas","202"
"LMN09-19",19,20.0341870245518,49.6680990549683,"Cas","202"
"N13-47",16.075,24.9216870245518,39.1630990549683,"Cas","202"
"N18-1831",18.6,21.2566870245518,46.4780990549683,"Cas","202"
"N18-1832",19.55,22.8866870245518,43.3580990549683,"Cas","202"
"N18-1833",20.25,23.0166870245518,46.2930990549683,"Cas","202"
"N18-1834",16.6,23.6066870245518,44.9630990549683,"Cas","202"
"N18-1835",17.4,22.8866870245518,45.8280990549683,"Cas","202"
"N18-1836",17.1,21.3566870245518,45.4830990549683,"Cas","202"
"N18-1837",19.4,22.6866870245518,44.0330990549683,"Cas","202"
"N18-1838",16.35,21.7616870245518,46.3680990549683,"Cas","202"
"N18-1839",11.65,22.7616870245518,43.9630990549683,"Cas","202"
"N18-1840",16.7,24.5466870245518,42.7580990549683,"Cas","202"
"N18-1841",20.35,22.7666870245518,42.1180990549683,"Cas","202"
"N18-1842",19.5,21.6216870245518,45.5580990549683,"Cas","202"
"N18-1843",19.05,21.8966870245518,47.6680990549683,"Cas","202"
"N18-1844",18.7,23.8166870245518,43.1630990549683,"Cas","202"
"N18-1845",18.4,21.0266870245518,46.8830990549683,"Cas","202"
"N18-1846",17.15,22.1416870245518,42.5230990549683,"Cas","202"
"N18-1847",17.15,22.0116870245518,45.4980990549683,"Cas","202"
"N18-1848",22.5,23.5016870245518,42.6180990549683,"Cas","202"
"N18-1849",16.95,21.5316870245518,43.3080990549683,"Cas","202"
"N18-1850",14.75,22.3366870245518,44.2280990549683,"Cas","202"
"N18-1851",16.3,21.3516870245518,45.1530990549683,"Cas","202"
"N18-1853",17.25,20.7416870245518,48.7880990549683,"Cas","202"
"N18-1854",19.45,21.9416870245518,46.7230990549683,"Cas","202"
"N18-1855",19.9,22.2166870245518,46.8480990549683,"Cas","202"
"N18-1856",18,20.6116870245518,47.7680990549683,"Cas","202"
"N18-1857",18.85,23.4866870245518,44.2530990549683,"Cas","202"
"N18-1859",17.55,22.2166870245518,44.5880990549683,"Cas","202"
"N18-1860",18.15,21.7116870245518,47.7380990549683,"Cas","202"
"N18-1861",16.65,22.5116870245518,45.4580990549683,"Cas","202"
"N18-1862",18.85,20.9616870245518,47.8930990549683,"Cas","202"
"N18-1863",18.25,21.8566870245518,44.9530990549683,"Cas","202"
"N18-1864",16.75,21.6666870245518,47.2680990549683,"Cas","202"
"N18-1866",14.5,23.1816870245518,44.6380990549683,"Cas","202"
"N18-1867",19.2,22.2666870245518,44.0680990549683,"Cas","202"
"N18-1868",16.2,21.0216870245518,48.0230990549683,"Cas","202"
"N18-1869",18.85,19.8416870245518,49.3730990549683,"Cas","202"
"N18-1870",16.45,21.7116870245518,47.0380990549683,"Cas","202"
"N18-1871",19.6,23.6166870245518,43.4830990549683,"Cas","202"
"N18-1873",16.6,21.8216870245518,44.7080990549683,"Cas","202"
"N18-1874",19.5,23.3216870245518,44.3080990549683,"Cas","202"
"N18-1875",17.9,21.4816870245518,46.9380990549683,"Cas","202"
"N18-1876",18.8,21.7316870245518,45.7530990549683,"Cas","202"
"N18-1877",17.95,20.7216870245518,48.4680990549683,"Cas","202"
"N18-1878",18.55,22.1066870245518,44.9180990549683,"Cas","202"
"N18-1879",18.2,19.7966870245518,47.2680990549683,"Cas","202"
"N18-1880",17.8,21.7416870245518,43.2430990549683,"Cas","202"
"N18-1881",15.35,21.2416870245518,48.8480990549683,"Cas","202"
"N18-1883",15.7,21.7866870245518,44.9530990549683,"Cas","202"
"N18-1884",15.3,23.1866870245518,43.8280990549683,"Cas","202"
"N18-1885",17.65,22.2466870245518,46.1680990549683,"Cas","202"
"N18-1886",19.65,21.3466870245518,47.9130990549683,"Cas","202"
"N18-1887",17.8,22.1873966265977,45.8414720233469,"Cas","202"
"N18-1888",18.4,23.5366870245518,45.2130990549683,"Cas","202"
"N18-1889",17.5,20.9916870245518,48.7780990549683,"Cas","202"
"N18-1890",19.25,21.3616870245518,44.9430990549683,"Cas","202"
"N18-1891",21.25,20.9166870245518,48.4580990549683,"Cas","202"
"N18-1892",15.15,21.5216870245518,43.7630990549683,"Cas","202"
"N18-1893",17.8,21.9016870245518,46.0130990549683,"Cas","202"
"N18-1894",17.2,24.0716870245518,44.1330990549683,"Cas","202"
"N18-1895",16.85,23.1716870245518,44.9080990549683,"Cas","202"
"N18-1896",17.1,22.0516870245518,44.9030990549683,"Cas","202"
"N18-1897",18.45,22.0166870245518,46.8280990549683,"Cas","202"
"N18-1898",17.5,23.3316870245518,44.2630990549683,"Cas","202"
"N18-1899",17.95,18.7816870245518,49.9980990549683,"Cas","202"
"N18-1900",19.55,22.6466870245518,44.5530990549683,"Cas","202"
"N18-1901",20.8,22.3366870245518,45.3480990549683,"Cas","202"
"N18-1902",22.05,21.3016870245518,46.1330990549683,"Cas","202"
"N18-1903",18.2,20.4066870245518,48.8830990549683,"Cas","202"
"N18-1904",19.45,21.6566870245518,44.5880990549683,"Cas","202"
"N18-1905",19.75,24.1266870245518,44.4480990549683,"Cas","202"
"N18-1906",18.5,23.0916870245518,43.8930990549683,"Cas","202"
"N18-1907",17.55,20.4766870245518,48.0730990549683,"Cas","202"
"N18-1908",19.3,23.3116870245518,41.9780990549683,"Cas","202"
"N18-1909",21,21.5566870245518,44.5030990549683,"Cas","202"
"N18-1910",17.7,23.1816870245518,43.7780990549683,"Cas","202"
"N18-1911",19,20.9916870245518,47.5530990549683,"Cas","202"
"N18-1912",17.05,22.9366870245518,45.7830990549683,"Cas","202"
"N18-1913",18.15,20.6366870245518,48.6330990549683,"Cas","202"
"N18-1914",17.65,23.2216870245518,42.1480990549683,"Cas","202"
"N18-1915",17.7,22.8416870245518,45.1930990549683,"Cas","202"
"N18-1916",18.45,21.5416870245518,43.4930990549683,"Cas","202"
"N18-1917",17.2,23.7516870245518,42.2280990549683,"Cas","202"
"N18-1918",18.15,22.6116870245518,42.4230990549683,"Cas","202"
"N18-1919",18.3,18.7716870245518,50.5480990549683,"Cas","202"
"N18-1920",18.95,20.9566870245518,47.9380990549683,"Cas","202"
"N18-1921",16.45,20.4216870245518,47.0580990549683,"Cas","202"
"N18-1922",16.85,22.3716870245518,43.8630990549683,"Cas","202"
"N18-1923",18.05,23.6416870245518,41.9080990549683,"Cas","202"
"N18-1924",16.95,21.5116870245518,44.9430990549683,"Cas","202"
"N18-1925",17.2,22.8316870245518,42.8280990549683,"Cas","202"
"N18-1926",16.7,23.7616870245518,43.7230990549683,"Cas","202"
"N18-1927",19.5,22.7466870245518,44.7580990549683,"Cas","202"
"N18-1928",18.8,22.4016870245518,45.1580990549683,"Cas","202"
"N18-1929",16.05,21.2066870245518,47.7380990549683,"Cas","202"
"N18-1930",19.5,21.9366870245518,41.8680990549683,"Cas","202"
"N18-1931",14.25,21.7066870245518,46.4380990549683,"Cas","202"
"N18-1932",20.65,22.8366870245518,43.8630990549683,"Cas","202"
"N18-1933",19.35,20.7366870245518,48.6830990549683,"Cas","202"
"N18-1934",19,22.9766870245518,45.4780990549683,"Cas","202"
"N18-1936",18.65,23.7066870245518,42.4880990549683,"Cas","202"
"N18-1937",17.8,21.8866870245518,46.1780990549683,"Cas","202"
"N18-1939",16.85,20.7366870245518,48.2080990549683,"Cas","202"
"N18-1941",19.7,20.5766870245518,48.5680990549683,"Cas","202"
"N18-1942",16.15,22.1566870245518,47.7330990549683,"Cas","202"
"N18-1944",14.75,21.3816870245518,45.2730990549683,"Cas","202"
"N18-1945",17.65,20.8666870245518,48.1180990549683,"Cas","202"
"N18-1946",17.25,21.9666666666698,46.1733333333263,"Cas","202"
"N18-1947",16.45,21.4466870245518,47.8980990549683,"Cas","202"
"N18-1948",17.8,20.4916870245518,47.7180990549683,"Cas","202"
"N18-1949",18.05,21.7866870245518,46.1580990549683,"Cas","202"
"N18-1950",19.8,24.3516870245518,42.8330990549683,"Cas","202"
"N18-1951",18.75,22.3166870245518,47.1980990549683,"Cas","202"
"N18-1952",16.5,21.8216870245518,47.6330990549683,"Cas","202"
"N18-1953",20.3,22.1066870245518,44.4780990549683,"Cas","202"
"N18-1954",21.4,22.6766870245518,45.2830990549683,"Cas","202"
"N18-1955",19.1,21.1666870245518,47.1330990549683,"Cas","202"
"N18-1956",18.1,22.8166870245518,43.6780990549683,"Cas","202"
"N18-1957",19.65,21.8816870245518,45.4730990549683,"Cas","202"
"N18-1958",15.75,20.9916870245518,48.3730990549683,"Cas","202"
"N18-1959",18.75,21.1516870245518,46.1380990549683,"Cas","202"
"N18-1960",18,20.0366870245518,47.7730990549683,"Cas","202"
"N18-1961",15.95,22.4016870245518,42.5880990549683,"Cas","202"
"N18-1962",15.9,23.0866870245518,44.6180990549683,"Cas","202"
"N18-1963",17,23.2566870245518,44.3680990549683,"Cas","202"
"N18-1964",17.25,19.4316870245518,49.1880990549683,"Cas","202"
"N18-1965",19.3,21.6216870245518,47.0930990549683,"Cas","202"
"N18-1966",16.7,21.6016870245518,46.7380990549683,"Cas","202"
"N18-1967",20.55,22.2716870245518,43.0780990549683,"Cas","202"
"N18-1968",22.35,22.5816870245518,44.5330990549683,"Cas","202"
"N18-1969",18.75,22.1716870245518,46.0030990549683,"Cas","202"
"N18-1970",19.05,21.9766870245518,45.2080990549683,"Cas","202"
"N18-1971",16.5,21.1066870245518,48.5630990549683,"Cas","202"
"N18-1972",17.4,21.2166870245518,45.8130990549683,"Cas","202"
"N18-1973",20.75,23.5866870245518,44.2380990549683,"Cas","202"
"N18-1974",19.4,22.0916870245518,45.0080990549683,"Cas","202"
"N18-1975",16.7,23.4416870245518,44.8430990549683,"Cas","202"
"N18-1977",18,19.7766870245518,48.4730990549683,"Cas","202"
"N18-1978",19.45,22.2466870245518,44.5830990549683,"Cas","202"
"N18-1979",15.75,21.7466870245518,45.1180990549683,"Cas","202"
"N18-1980",18,22.2966870245518,44.5930990549683,"Cas","202"
"N18-1981",15.8,20.0516870245518,49.0380990549683,"Cas","202"
"N18-1982",18.8,23.0416870245518,44.6580990549683,"Cas","202"
"N18-1983",18.2,23.4466870245518,44.2380990549683,"Cas","202"
"N18-1984",18.55,22.9166870245518,44.5280990549683,"Cas","202"
"N18-1985",19.15,21.2516870245518,48.5930990549683,"Cas","202"
"N18-1986",17.15,21.2266870245518,49.0130990549683,"Cas","202"
"N18-1987",20.9,21.1266870245518,45.0180990549683,"Cas","202"
"N18-1988",18.4,20.6416870245518,48.7680990549683,"Cas","202"
"N18-1990",16.85,23.1416870245518,44.1730990549683,"Cas","202"
"N18-1991",20.5,20.6816870245518,47.5580990549683,"Cas","202"
"N18-1992",19.05,22.2866870245518,45.5430990549683,"Cas","202"
"N18-1993",17.6,22.7966870245518,42.8630990549683,"Cas","202"
"N18-1994",16.85,22.4866870245518,44.7980990549683,"Cas","202"
"N18-1995",19.05,22.2316870245518,44.5080990549683,"Cas","202"
"N18-1996",19.8,20.9816870245518,45.2630990549683,"Cas","202"
"N18-1997",18.25,23.2216870245518,42.2530990549683,"Cas","202"
"N18-1998",14.8,21.5516870245518,44.4580990549683,"Cas","202"
"N18-1999",18.95,20.1066870245518,49.9080990549683,"Cas","202"
"N18-2000",19.15,23.5466870245518,44.5380990549683,"Cas","202"
"N18-2001",19.35,20.4216870245518,46.9830990549683,"Cas","202"
"N18-2002",17.95,22.1716870245518,45.2280990549683,"Cas","202"
"N18-2003",18.25,22.8266870245518,43.6330990549683,"Cas","202"
"N18-2004",15.8,20.9016870245518,48.3180990549683,"Cas","202"
"N18-2005",15.55,22.0916870245518,45.7280990549683,"Cas","202"
"N18-2006",17.3,22.3316870245518,48.0130990549683,"Cas","202"
"N18-2007",18.35,23.6666870245518,43.2130990549683,"Cas","202"
"N18-2008",17.15,21.1866870245518,44.4330990549683,"Cas","202"
"N18-2009",18.15,23.1366870245518,43.3530990549683,"Cas","202"
"N18-2011",17.4,21.2416870245518,48.3580990549683,"Cas","202"
"N18-2012",15.1,21.9766870245518,45.9880990549683,"Cas","202"
"N18-2013",21.2,22.1016870245518,44.0730990549683,"Cas","202"
"N18-2014",19.3,21.6366870245518,46.8480990549683,"Cas","202"
"N18-2015",15.35,21.0666870245518,45.8780990549683,"Cas","202"
"LMN09-119",17.4,20.3,48.8,"Combined","201"
"N09-09",16.5,21.3,46.2,"Combined","201"
"N18-1559",13.48333333,20.635,46.42666667,"Combined","201"
"N18-1560",15.18333333,21.31166667,42.96333333,"Combined","201"
"N18-1561",15.63333333,21.25333333,45.345,"Combined","201"
"N18-1562",18.45,21.68833333,45.35,"Combined","201"
"N18-1563",13.46666667,21,46.16333333,"Combined","201"
"N18-1564",16.36666667,22.77833333,42.59833333,"Combined","201"
"N18-1565",16.9,20.815,47.21,"Combined","201"
"N18-1567",13.65,21.24666667,43.35666667,"Combined","201"
"N18-1568",15.41666667,21.17166667,46.14666667,"Combined","201"
"N18-1569",14.08333333,21.755,44.03,"Combined","201"
"N18-1570",14.83333333,21.06666667,46.13833333,"Combined","201"
"N18-1571",16,20.44,46.18333333,"Combined","201"
"N18-1572",17.11666667,22.32666667,44.45166667,"Combined","201"
"N18-1575",18.53333333,21.52833333,47.8,"Combined","201"
"N18-1576",16.43333333,22.14666667,44.05,"Combined","201"
"N18-1577",15.26666667,20.88166667,47.8,"Combined","201"
"N18-1578",15.1,20.72,46.58,"Combined","201"
"N18-1579",15.18333333,21.71333333,44.19833333,"Combined","201"
"N18-1580",14.86666667,22.27,41.795,"Combined","201"
"N18-1581",16.35,21.15333333,44.255,"Combined","201"
"N18-1582",16.53333333,21.17166667,46.21666667,"Combined","201"
"N18-1585",16.05,21.71833333,43.81,"Combined","201"
"N18-1586",14.45,21.67833333,45.665,"Combined","201"
"N18-1587",14.41666667,20.99333333,44.71833333,"Combined","201"
"N18-1588",17.01666667,21.835,44.33333333,"Combined","201"
"N18-1596",16.65,21.11666667,44.35833333,"Combined","201"
"N18-1597",15.7,22.655,43.44333333,"Combined","201"
"N18-1598",17.38333333,21.94333333,44.985,"Combined","201"
"N18-1600",13.1,21.40333333,44,"Combined","201"
"N18-1602",15.28333333,21.08666667,45.24333333,"Combined","201"
"N18-1603",14.98333333,21.55,44.11,"Combined","201"
"N18-1604",16.88333333,22.17666667,44.66166667,"Combined","201"
"N18-1605",15.68333333,22.05,44.19833333,"Combined","201"
"N18-1606",15.2,21.98333333,43.90666667,"Combined","201"
"N18-1607",14.58333333,20.75833333,46.93,"Combined","201"
"N18-1608",14.78333333,21.22833333,44.09666667,"Combined","201"
"N18-1609",16.01666667,22.92,44.58333333,"Combined","201"
"N18-1610",16.35,21.71333333,44.81166667,"Combined","201"
"N18-1611",15.18333333,21.07666667,45.24833333,"Combined","201"
"N18-1612",15.5,21.38,44.91833333,"Combined","201"
"N18-1613",17,20.68666667,45.42,"Combined","201"
"N18-1614",15.06666667,20.05833333,46.59333333,"Combined","201"
"N18-1615",17.48333333,22.27166667,44.39166667,"Combined","201"
"N18-1616",15.23333333,22.03333333,42.905,"Combined","201"
"N18-1617",13.8,20.83833333,45.18166667,"Combined","201"
"N18-1619",16.93333333,20.83333333,45.34666667,"Combined","201"
"N18-1620",15.48333333,22.03333333,43.79333333,"Combined","201"
"N18-1621",16.51666667,19.44166667,47.68166667,"Combined","201"
"N18-1622",14.7,21.91333333,43.26,"Combined","201"
"N18-1623",14.76666667,21.01666667,45.155,"Combined","201"
"N18-1624",12.91666667,22.28666667,42.87833333,"Combined","201"
"N18-1626",15.58333333,20.09666667,48.55666667,"Combined","201"
"N18-1627",16.5,22.07,44.82833333,"Combined","201"
"N18-1628",14.7,20.43,48.69833333,"Combined","201"
"N18-1629",17.55,19.85333333,48.03,"Combined","201"
"N18-1630",16.68333333,20.27,46.76833333,"Combined","201"
"N18-1631",16.63333333,21.2,45.86666667,"Combined","201"
"N18-1632",15.65,21.89333333,45.96666667,"Combined","201"
"N18-1633",16.93333333,20.744,45.862,"Combined","201"
"N18-1634",16.28333333,21.92333333,43.175,"Combined","201"
"N18-1635",17.2,22.325,43.94666667,"Combined","201"
"N18-1636",15.68333333,21.00666667,46.99833333,"Combined","201"
"N18-1637",14.46666667,22.39666667,40.67666667,"Combined","201"
"N18-1638",14.73333333,20.865,44.94833333,"Combined","201"
"N18-1639",17.85,20.25166667,48.64,"Combined","201"
"N18-1640",15.03333333,20.85166667,45.68,"Combined","201"
"N18-1641",16.1,22.43333333,43.29833333,"Combined","201"
"N18-1642",18.35,20.705,46.37333333,"Combined","201"
"N18-1643",15.83333333,22.215,43.83333333,"Combined","201"
"N18-1644",13.8,22.12166667,43.065,"Combined","201"
"N18-1645",14.31666667,20.47833333,46.80833333,"Combined","201"
"N18-1646",14.5,20.37833333,46.04666667,"Combined","201"
"N18-1647",17.26666667,19.88666667,45.84,"Combined","201"
"N18-1649",16.56666667,19.25833333,48.20333333,"Combined","201"
"N18-1650",15.28333333,21.12833333,45.315,"Combined","201"
"N18-1651",15.05,21.81333333,44.31833333,"Combined","201"
"N18-1652",12.48333333,20.73,44.705,"Combined","201"
"N18-1655",15.75,20.165,47.82833333,"Combined","201"
"N18-1656",15.4,20.415,45.73666667,"Combined","201"
"N18-1658",13.31666667,20.51833333,45.48333333,"Combined","201"
"N18-1659",14.6,20.90666667,47.40166667,"Combined","201"
"N18-1661",15.15,23.04166667,42.44166667,"Combined","201"
"N18-1663",16.41666667,20.55,46.395,"Combined","201"
"N18-1664",13.71666667,20.80166667,45.06833333,"Combined","201"
"N18-1665",15.43333333,22.22333333,42.99666667,"Combined","201"
"N18-1666",14.88333333,21.58,45.55,"Combined","201"
"N18-1667",17.95,22.42333333,43.31,"Combined","201"
"N18-1668",16.45,19.43833333,49.57166667,"Combined","201"
"N18-1669",15.76666667,22.215,43.155,"Combined","201"
"N18-1671",16,21.47333333,46.90166667,"Combined","201"
"N18-1672",15.6,21.48666667,43.99,"Combined","201"
"N18-1673",14.48333333,21.27166667,46.41333333,"Combined","201"
"N18-1674",15.83333333,21.92666667,44.72833333,"Combined","201"
"N18-1675",15.35,20.08,47.11666667,"Combined","201"
"N18-1676",14.01666667,20.59833333,46.50666667,"Combined","201"
"N18-1677",16.2,21.385,46.98333333,"Combined","201"
"N18-1678",14.61666667,21.88666667,42.87333333,"Combined","201"
"N18-1679",19.58333333,21.21166667,47.39333333,"Combined","201"
"N18-1680",15.03333333,21.635,45.07333333,"Combined","201"
"N18-1681",17.21666667,21.205,44.83833333,"Combined","201"
"N18-1684",16.68333333,22.475,44.27333333,"Combined","201"
"N18-1685",15.9,23.34,42.46666667,"Combined","201"
"N18-1686",16.93333333,22.34166667,44.54333333,"Combined","201"
"N18-1687",17.33333333,20.65666667,45.66666667,"Combined","201"
"N18-1688",16.08333333,21.48,45.06333333,"Combined","201"
"N18-1689",13.76666667,20.83333333,46.27833333,"Combined","201"
"N18-1690",16.5,21.13,44.36666667,"Combined","201"
"N18-1691",15.53333333,21.755,44.505,"Combined","201"
"N18-1693",15.43333333,20.405,45.83333333,"Combined","201"
"N18-1694",16.3,22.37,42.77,"Combined","201"
"N18-1695",12.23333333,22.51666667,42.33833333,"Combined","201"
"N18-1696",16.2,21.235,45.49833333,"Combined","201"
"N18-1697",15.96666667,20.38833333,46.31333333,"Combined","201"
"N18-1698",16.33333333,19.79333333,48.11333333,"Combined","201"
"N18-1699",15.6,20.855,47.12833333,"Combined","201"
"N18-1700",16.05,21.96,45.00333333,"Combined","201"
"N18-1701",15.46666667,20.75333333,48.13833333,"Combined","201"
"N18-1703",15.48333333,22.915,42.84166667,"Combined","201"
"N18-1704",14.15,20.43166667,46.46666667,"Combined","201"
"N18-1705",14.03333333,21.37333333,44.84333333,"Combined","201"
"N18-1706",18.95,22.455,43.52333333,"Combined","201"
"N18-1707",15.88333333,21.57666667,44.97,"Combined","201"
"N18-1708",15.9,21.02666667,45.22166667,"Combined","201"
"N18-1709",15.41666667,21.605,44.34833333,"Combined","201"
"N18-1710",15.83333333,21.34166667,44.39333333,"Combined","201"
"N18-1711",14.85,21.76333333,44.585,"Combined","201"
"N18-1714",17.88333333,22.55666667,42.7,"Combined","201"
"N18-1715",15.41666667,23.05,43.22,"Combined","201"
"N18-1716",16.51666667,20.63333333,45.75833333,"Combined","201"
"N18-1718",15.71666667,21.53,44.41333333,"Combined","201"
"N18-1719",14.45,21.795,45.385,"Combined","201"
"N18-1720",15.86666667,21.53166667,45.06833333,"Combined","201"
"N18-1722",15.68333333,21.37833333,46.29666667,"Combined","201"
"N18-1723",16.78333333,20.32833333,46.965,"Combined","201"
"N18-1724",14.31666667,21.35666667,44.97166667,"Combined","201"
"N18-1725",15.71666667,22.5,43.3,"Combined","201"
"N18-1726",14.38333333,21.28166667,47.46666667,"Combined","201"
"N18-1727",14.45,20.68833333,46.14666667,"Combined","201"
"N18-1729",17.71666667,19.58333333,50.18,"Combined","201"
"N18-1730",14.9,21.00166667,45.67166667,"Combined","201"
"N18-1731",17.83333333,21.95,44.62,"Combined","201"
"N18-1732",17.53333333,22.22666667,45.13833333,"Combined","201"
"N18-1733",14.56666667,21.87666667,43.94333333,"Combined","201"
"N18-1734",14.03333333,21.38333333,45.38,"Combined","201"
"N18-1735",13.18333333,21.53166667,44.58333333,"Combined","201"
"N18-1736",15.15,21.20666667,46.65666667,"Combined","201"
"N18-1737",15.76666667,20.63166667,47.16,"Combined","201"
"N18-1738",14.48333333,20.62,46.035,"Combined","201"
"N18-1741",17.08333333,19.885,48.20166667,"Combined","201"
"N18-1745",15.4,21.265,44.99666667,"Combined","201"
"N18-1748",14.43333333,20.89,44.965,"Combined","201"
"N18-1749",13.25,21.8,42.22666667,"Combined","201"
"N18-1750",13.325,21.55,45.2125,"Combined","201"
"N18-1751",16.26666667,21.67666667,44.33,"Combined","201"
"N18-1752",15.33333333,20.45833333,45.21833333,"Combined","201"
"N18-1753",18.06666667,22.015,45.33166667,"Combined","201"
"N18-1755",15.81666667,20.86833333,46.21333333,"Combined","201"
"N18-1756",14.71666667,20.675,46.035,"Combined","201"
"N18-1757",14.66666667,21.505,43.51833333,"Combined","201"
"N18-1758",16.75,21.46333333,45.79,"Combined","201"
"N18-1759",13.21666667,21.44666667,44.09833333,"Combined","201"
"N18-1760",18.16666667,19.29166667,49.01,"Combined","201"
"N18-1761",15.28333333,20.79166667,48.32833333,"Combined","201"
"N18-1762",16.38333333,20.82833333,47.06,"Combined","201"
"N18-1763",14.76666667,20.80666667,46.71166667,"Combined","201"
"N18-1764",13.9,20.85,46.58,"Combined","201"
"N18-1765",17.03333333,21.71666667,44.46333333,"Combined","201"
"N18-1766",16.96666667,21.21666667,45.565,"Combined","201"
"N18-1767",17.75,20.37166667,47.43166667,"Combined","201"
"N18-1768",15.7,23.27666667,41.68,"Combined","201"
"N18-1769",14.81666667,20.74166667,47.24,"Combined","201"
"N18-1771",14.95,21.23666667,45.67666667,"Combined","201"
"N18-1772",14.48333333,20.58333333,45.75833333,"Combined","201"
"N18-1773",15.38333333,21.40666667,43.19666667,"Combined","201"
"N18-1774",15.25,21.305,43.77166667,"Combined","201"
"N18-1776",14.03333333,21.23166667,45.44,"Combined","201"
"N18-1777",15.25,21.03333333,44.25666667,"Combined","201"
"N18-1780",17.08333333,21.79333333,45.21666667,"Combined","201"
"N18-1781",16.25,21.43,43.77,"Combined","201"
"N18-1782",17.9,22.075,44.33666667,"Combined","201"
"N18-1783",14.76666667,21.47,45.935,"Combined","201"
"N18-1784",15.33333333,21.34833333,44.63,"Combined","201"
"N18-1785",15.01666667,20.40333333,46.89833333,"Combined","201"
"N18-1786",15.28333333,20.22333333,45.42166667,"Combined","201"
"N18-1787",13.88333333,20.72666667,44.925,"Combined","201"
"N18-1788",16.61666667,21.30666667,45.5,"Combined","201"
"N18-1789",17.2,21.43166667,44.015,"Combined","201"
"N18-1790",14.26666667,21.64,43.84,"Combined","201"
"N18-1791",14.53333333,22.22166667,43.155,"Combined","201"
"N18-1792",16.51666667,20.51333333,48.11333333,"Combined","201"
"N18-1793",14.18333333,20.09333333,46.75,"Combined","201"
"N18-1794",14.11666667,20.50833333,45.74166667,"Combined","201"
"N18-1795",15.18333333,21.53166667,44.435,"Combined","201"
"N18-1797",15.51666667,21.725,44.01666667,"Combined","201"
"N18-1798",15.48333333,21.72666667,44.84333333,"Combined","201"
"N18-1799",17.06666667,21.12166667,44.335,"Combined","201"
"N18-1800",18.11666667,20.84833333,45.85666667,"Combined","201"
"N18-1801",16.53333333,22.245,44.715,"Combined","201"
"N18-1802",13.66666667,19.69,46.305,"Combined","201"
"N18-1803",13.93333333,21.42333333,43.90166667,"Combined","201"
"N18-1804",15.76666667,20.51833333,45.87333333,"Combined","201"
"N18-1805",15.3,21.23333333,44.71,"Combined","201"
"N18-1806",16.1,20.00166667,48.135,"Combined","201"
"N18-1807",15.88333333,21.60166667,44.98833333,"Combined","201"
"N18-1808",15.63333333,21.925,44.38666667,"Combined","201"
"N18-1809",14.48333333,21.45333333,45.34333333,"Combined","201"
"N18-1810",14.15,20.32,46.08,"Combined","201"
"N18-1811",16.3,21.80833333,43.575,"Combined","201"
"N18-1812",14.8,20.68,46.17833333,"Combined","201"
"N18-1813",14.63333333,22.93333333,42.94,"Combined","201"
"N18-1814",12.96666667,21.29333333,45.39,"Combined","201"
"N18-1816",14.98333333,21.52166667,45.065,"Combined","201"
"N18-1817",17.1,20.29166667,47.365,"Combined","201"
"N18-1818",14.65,19.66,47.66666667,"Combined","201"
"N18-1819",16.83333333,21.08333333,45.01833333,"Combined","201"
"N18-1820",15.7,22.36166667,43.45,"Combined","201"
"N18-1821",16.55,21.60333333,44.435,"Combined","201"
"N18-1822",16.93333333,19.66,48.37666667,"Combined","201"
"N18-1823",18.45,21.45333333,44.62666667,"Combined","201"
"N18-1824",16.23333333,21.50166667,45.415,"Combined","201"
"N18-1825",16.08333333,22.06833333,44.72666667,"Combined","201"
"N18-1826",16.06666667,22.265,43.89833333,"Combined","201"
"CB-318",16.28333333,22.94166667,44.27333333,"Combined","202"
"CB-346",17.08333333,22.16833333,44.15833333,"Combined","202"
"CB-351",16.4,20.66166667,47.62,"Combined","202"
"CB-372",15.95,21.98833333,44.84,"Combined","202"
"CB-383",17.33333333,21.125,45.71666667,"Combined","202"
"CB-406",14.06666667,21.88666667,45.235,"Combined","202"
"CB-421",19.08333333,21.82333333,46.41333333,"Combined","202"
"CB-423",15.1,20.70833333,48.08166667,"Combined","202"
"CB-425",17.46666667,20.66166667,48.965,"Combined","202"
"CB-429",16.88333333,20.54333333,47.995,"Combined","202"
"CB-430",14.88333333,21.32333333,44.985,"Combined","202"
"CB-433",16.91666667,21.53666667,46.66,"Combined","202"
"CB-436",15.13333333,21.68333333,47.245,"Combined","202"
"CB-443",14.08333333,21.63166667,47.01833333,"Combined","202"
"CB-446",15.2,21.955,45.43,"Combined","202"
"CB-448",14.33333333,20.72833333,47.40166667,"Combined","202"
"CB-472",14.3,21.37833333,47.885,"Combined","202"
"CB-491",15.05,22.72,42.79666667,"Combined","202"
"CB-511",16.18333333,23.095,41.33166667,"Combined","202"
"CB-512",16.11666667,21.44166667,46.58333333,"Combined","202"
"CB-521",17.11666667,20.81166667,47.605,"Combined","202"
"CB-534",14.51666667,19.74166667,47.79166667,"Combined","202"
"CB-541",16.48333333,23.02166667,44.505,"Combined","202"
"LMN09-19",18.875,19.8325,49.8,"Combined","202"
"N13-47",14.9,25.3,39.2,"Combined","202"
"N18-1831",17.48333333,20.23166667,48.44,"Combined","202"
"N18-1832",17.56666667,22.14833333,44.65666667,"Combined","202"
"N18-1833",18.66666667,23.11166667,45.02333333,"Combined","202"
"N18-1834",15.11666667,22.805,44.455,"Combined","202"
"N18-1835",16.33333333,22.24666667,46.62166667,"Combined","202"
"N18-1836",15.66666667,22.17,44.115,"Combined","202"
"N18-1837",17.78333333,21.82833333,45.51666667,"Combined","202"
"N18-1838",15.56666667,21.5,47.09666667,"Combined","202"
"N18-1839",10.56666667,21.93333333,44.72,"Combined","202"
"N18-1840",15.81666667,23.48833333,43.67666667,"Combined","202"
"N18-1841",19.5,22.64,43.01666667,"Combined","202"
"N18-1842",18.21666667,21.22,46.58833333,"Combined","202"
"N18-1843",17.3,22.38166667,45.84333333,"Combined","202"
"N18-1844",17.1,22.66666667,44.48833333,"Combined","202"
"N18-1845",15.93333333,21.13333333,45.33833333,"Combined","202"
"N18-1846",16.86,21.63,44.25,"Combined","202"
"N18-1847",15.86666667,21.64333333,44.98,"Combined","202"
"N18-1848",18.86666667,23.41,41.13166667,"Combined","202"
"N18-1849",15.2,22.105,42.88666667,"Combined","202"
"N18-1850",14.21666667,21.43166667,45.94333333,"Combined","202"
"N18-1851",14.85,20.42333333,46.81333333,"Combined","202"
"N18-1853",17.23333333,20.99833333,47.7,"Combined","202"
"N18-1854",17.43333333,21.48833333,46.08333333,"Combined","202"
"N18-1855",18.51666667,21.64666667,47.19,"Combined","202"
"N18-1856",16.71666667,20.405,47.80666667,"Combined","202"
"N18-1857",17.01666667,22.915,44.84333333,"Combined","202"
"N18-1859",16.38333333,21.98,45.41333333,"Combined","202"
"N18-1860",16.33333333,21.51166667,47.41,"Combined","202"
"N18-1861",15.3,21.26166667,47.43,"Combined","202"
"N18-1862",16.95,21.43166667,46.21333333,"Combined","202"
"N18-1863",15.55,22.23166667,42.79166667,"Combined","202"
"N18-1864",15.48333333,20.68,48.79833333,"Combined","202"
"N18-1866",13.03333333,23.06166667,43.08833333,"Combined","202"
"N18-1867",17.06666667,21.54,44.92166667,"Combined","202"
"N18-1868",14.81666667,20.55,48.38833333,"Combined","202"
"N18-1869",17.48333333,20.65166667,48.07,"Combined","202"
"N18-1870",15.21666667,21.275,47.66,"Combined","202"
"N18-1871",17.48333333,22.995,43.75,"Combined","202"
"N18-1873",15.1,21.66333333,44.11,"Combined","202"
"N18-1874",17.56666667,22.665,44.73166667,"Combined","202"
"N18-1875",16.2,20.64333333,48.01,"Combined","202"
"N18-1876",18.1,21.05166667,46.58666667,"Combined","202"
"N18-1877",15.88333333,20.68,47.62166667,"Combined","202"
"N18-1878",17.88333333,21.53833333,46.105,"Combined","202"
"N18-1879",16.51666667,20.83,46.17333333,"Combined","202"
"N18-1880",16.96666667,21.49166667,44.07,"Combined","202"
"N18-1881",13.4,22.32833333,44.875,"Combined","202"
"N18-1883",14.41666667,21.43166667,44.63666667,"Combined","202"
"N18-1884",14.51666667,21.70333333,46.23166667,"Combined","202"
"N18-1885",15.86666667,22.00166667,45.37,"Combined","202"
"N18-1886",17.2,21.15333333,47.43166667,"Combined","202"
"N18-1887",17.41666667,21.708,45.94,"Combined","202"
"N18-1888",16.43333333,23.83,42.84333333,"Combined","202"
"N18-1889",16.28333333,20.69833333,48.735,"Combined","202"
"N18-1890",17.2,21.47166667,45.71,"Combined","202"
"N18-1891",19,20.65833333,48.15,"Combined","202"
"N18-1892",15.2,21.66,44.01166667,"Combined","202"
"N18-1893",16.9,21.71333333,45.50666667,"Combined","202"
"N18-1894",15.46666667,23.03666667,44.87,"Combined","202"
"N18-1895",16.88333333,22.32166667,45.53666667,"Combined","202"
"N18-1896",14.43333333,22.325,43.07333333,"Combined","202"
"N18-1897",16.61666667,21.635,46.99166667,"Combined","202"
"N18-1898",15.55,23.08833333,43.18333333,"Combined","202"
"N18-1899",16.48333333,18.93833333,49.54166667,"Combined","202"
"N18-1900",16.25,21.96833333,44.84,"Combined","202"
"N18-1901",17.95,22.60166667,44.16833333,"Combined","202"
"N18-1902",18.41666667,21.22666667,46.87666667,"Combined","202"
"N18-1903",17.01666667,20.20333333,48.28666667,"Combined","202"
"N18-1904",17.75,21.85,44.495,"Combined","202"
"N18-1905",17.66666667,23.88333333,44.45333333,"Combined","202"
"N18-1906",17.66666667,22.51166667,44.62166667,"Combined","202"
"N18-1907",16.05,20.155,47.39166667,"Combined","202"
"N18-1908",18.18333333,22.51666667,43.81833333,"Combined","202"
"N18-1909",18.96666667,23.11166667,41.85833333,"Combined","202"
"N18-1910",17.38333333,21.93833333,45.09166667,"Combined","202"
"N18-1911",17.38333333,20.83166667,47.78,"Combined","202"
"N18-1912",15.2,22.825,44.43166667,"Combined","202"
"N18-1913",16.58333333,20.97666667,47.39,"Combined","202"
"N18-1914",17.03333333,22.91833333,42.27166667,"Combined","202"
"N18-1915",16.71666667,22.38166667,44.75333333,"Combined","202"
"N18-1916",16.95,21.55666667,44.745,"Combined","202"
"N18-1917",16.31666667,23.47,41.815,"Combined","202"
"N18-1918",18.3,22.12833333,43.38666667,"Combined","202"
"N18-1919",17.4,19.43666667,49.495,"Combined","202"
"N18-1920",17.08333333,22.00166667,44.53333333,"Combined","202"
"N18-1921",15.58333333,20.50833333,47.45166667,"Combined","202"
"N18-1922",15.81666667,21.92,44.175,"Combined","202"
"N18-1923",16.71666667,22.36333333,44.01333333,"Combined","202"
"N18-1924",16,21.52166667,45.32833333,"Combined","202"
"N18-1925",16.8,22.325,43.78333333,"Combined","202"
"N18-1926",15.93333333,22.61166667,44.29666667,"Combined","202"
"N18-1927",18.93333333,22.14666667,45.27,"Combined","202"
"N18-1928",16.13333333,22.795,42.865,"Combined","202"
"N18-1929",15.98333333,20.77666667,48.015,"Combined","202"
"N18-1930",18.43333333,22.42333333,41.97833333,"Combined","202"
"N18-1931",14.93333333,21.02666667,47.4,"Combined","202"
"N18-1932",20.28333333,22.45,44.75833333,"Combined","202"
"N18-1933",16.36666667,20.86333333,47.11833333,"Combined","202"
"N18-1934",17.85,22.68666667,44.32333333,"Combined","202"
"N18-1936",17.8,22.95833333,44.335,"Combined","202"
"N18-1937",17.48333333,21.42,46.31833333,"Combined","202"
"N18-1939",15.68333333,20.63833333,47.06166667,"Combined","202"
"N18-1941",16.05,21.37833333,45.80166667,"Combined","202"
"N18-1942",14.3,22.03833333,45.59333333,"Combined","202"
"N18-1944",13.23333333,20.825,46.50833333,"Combined","202"
"N18-1945",15.3,21.65666667,46.445,"Combined","202"
"N18-1946",14.45,21.91142857,46.00571429,"Combined","202"
"N18-1947",14.86666667,22.12333333,45.54333333,"Combined","202"
"N18-1948",17.4,19.87166667,49.08833333,"Combined","202"
"N18-1949",15.61666667,22.355,44.67166667,"Combined","202"
"N18-1950",17.68333333,22.78166667,44.50166667,"Combined","202"
"N18-1951",16.85,22.02333333,46.74166667,"Combined","202"
"N18-1952",15,22.45333333,45.36166667,"Combined","202"
"N18-1953",19.56666667,21.87333333,45.255,"Combined","202"
"N18-1954",18.45,22.63,43.155,"Combined","202"
"N18-1955",16.41666667,22.45333333,44.09833333,"Combined","202"
"N18-1956",16.5,22.75166667,44.08,"Combined","202"
"N18-1957",17.61666667,21.89,44.4,"Combined","202"
"N18-1958",14.31666667,20.87166667,47.64,"Combined","202"
"N18-1959",16.85,20.30333333,47.39166667,"Combined","202"
"N18-1960",16.75,19.48166667,48.72,"Combined","202"
"N18-1961",14.31666667,22.045,41.91,"Combined","202"
"N18-1962",15.23333333,22.19333333,45.43166667,"Combined","202"
"N18-1963",17.28,22.125,45.77166667,"Combined","202"
"N18-1964",16,19.89166667,48.09666667,"Combined","202"
"N18-1965",17.7,21.35666667,47.645,"Combined","202"
"N18-1966",15.08333333,21.10333333,47.13833333,"Combined","202"
"N18-1967",18.13333333,22.39166667,43.83666667,"Combined","202"
"N18-1968",19.68333333,22.34666667,44.55666667,"Combined","202"
"N18-1969",16.88333333,22.22666667,44.47,"Combined","202"
"N18-1970",17.03333333,21.80166667,45.30666667,"Combined","202"
"N18-1971",15.01666667,20.85,48.275,"Combined","202"
"N18-1972",16.93333333,20.89333333,46.09833333,"Combined","202"
"N18-1973",19.04,23.13,44.55333333,"Combined","202"
"N18-1974",17.85,22.06,44.53166667,"Combined","202"
"N18-1975",14.83333333,23.36666667,43.05166667,"Combined","202"
"N18-1977",16.9,19.59833333,48.43666667,"Combined","202"
"N18-1978",17.08333333,21.835,45.58166667,"Combined","202"
"N18-1979",14.5,20.58,47.07666667,"Combined","202"
"N18-1980",16.36666667,21.88666667,44.56666667,"Combined","202"
"N18-1981",14.83333333,20.275,48.47833333,"Combined","202"
"N18-1982",17.16666667,22.515,45.19,"Combined","202"
"N18-1983",16.06666667,23.22333333,42.815,"Combined","202"
"N18-1984",15.81666667,22.52666667,43.56833333,"Combined","202"
"N18-1985",17.23333333,21.09833333,47.46166667,"Combined","202"
"N18-1986",15.25,21.45166667,47.79666667,"Combined","202"
"N18-1987",18.56666667,21.42166667,43.595,"Combined","202"
"N18-1988",16.83333333,20.58333333,48.33666667,"Combined","202"
"N18-1990",15.93333333,22.23833333,45.02666667,"Combined","202"
"N18-1991",19.3,20.15,48.03714286,"Combined","202"
"N18-1992",18.48333333,21.87333333,46.05166667,"Combined","202"
"N18-1993",15.95,22.81166667,42.97833333,"Combined","202"
"N18-1994",14.78333333,22.085,44.83,"Combined","202"
"N18-1995",16.16666667,22.94666667,41.595,"Combined","202"
"N18-1996",17.28333333,21.645,44.86833333,"Combined","202"
"N18-1997",16.31666667,22.54666667,44.04666667,"Combined","202"
"N18-1998",15.26666667,21.85,43.45166667,"Combined","202"
"N18-1999",17,20.065,49.25,"Combined","202"
"N18-2000",17.48333333,23.56333333,42.68833333,"Combined","202"
"N18-2001",17.48333333,21.03666667,45.75166667,"Combined","202"
"N18-2002",17.01666667,22.20333333,43.88666667,"Combined","202"
"N18-2003",15.3,23.14333333,41.63833333,"Combined","202"
"N18-2004",14.9,21.225,47.065,"Combined","202"
"N18-2005",14.38333333,21.83333333,44.70166667,"Combined","202"
"N18-2006",16.28333333,21.99166667,47.07666667,"Combined","202"
"N18-2007",16.91666667,23.59333333,42.82,"Combined","202"
"N18-2008",14.93333333,21.65166667,42.66833333,"Combined","202"
"N18-2009",16.6,22.22833333,44.58666667,"Combined","202"
"N18-2011",16.21666667,20.95,47.74,"Combined","202"
"N18-2012",13.75,21.42833333,45.72833333,"Combined","202"
"N18-2013",17.2,22.87333333,41.61666667,"Combined","202"
"N18-2014",16.76666667,21.57,45.99333333,"Combined","202"
"N18-2015",14.88333333,20.79666667,46.19833333,"Combined","202"
