"QTLName","QTLChr","QTLPos","LOD","FlankL","FlankR","ConsensusL","ConsensusR","ConsensusLPos","ConsensusRPos","Trait","Pop","Loc","Label","ConsensusL_New","ConsensusR_New","ConsensusLPos_New","ConsensusRPos_New","QTLest","var"
"14@6.5",14,6.5,5.19316564287366,"Gm14_2480875_A_C","Gm14_2650425_C_T","BARC-065411-19443","BARC-020561-04671",13.1,14.85,"Oil","Population 202","Combined","Oil1","BARC-065411-19443","BARC-020561-04671",13.1,14.85,0.3,9.07
"14@16.9",14,16.9,12.6030698741274,"Gm14_2480875_A_C","Gm14_2712470_G_A","BARC-065411-19443","BARC-065327-19348",13.1,15.33,"Oil","Population 201","Ply","Oil1","BARC-065411-19443","BARC-065327-19348",13.1,15.33,0.52,19.29
"14@0.0",14,0,6.26997996195679,"Gm14_2131407_C_T","Gm14_2311158_G_A","BARC-022025-04259","BARC-051559-11161",11.34,14.48,"Oil","Population 202","Ply","Oil1","BARC-022025-04259","BARC-051559-11161",11.34,14.48,0.5,14.01
"15@107.2",15,107.2,7.08237218844447,"Gm15_15952535_C_A","Gm15_19784640_A_G","BARC-060905-16966","BARC-048215-10508",71.42,75.71,"Oil","Population 201","Cas","Oil2","BARC-060905-16966","BARC-048215-10508",71.42,75.71,0.3,7.38
"15@2.7",15,2.7,3.75951915983682,"Gm15_41081388_C_T","Gm15_25514805_G_A","BARC-063067-18226","BARC-060729-16817",77.47,78.9,"Oil","Population 202","Cas","Oil2","BARC-063067-18226","BARC-060729-16817",77.47,78.9,0.26,5.25
"15@107.2",15,107.2,6.42594669685801,"Gm15_15952535_C_A","Gm15_19784640_A_G","BARC-060905-16966","BARC-048215-10508",71.42,75.71,"Oil","Population 201","Combined","Oil2","BARC-060905-16966","BARC-048215-10508",71.42,75.71,0.16,3.49
"15@8.9",15,8.9,5.99850187935035,"Gm15_20639275_T_C","Gm15_20452272_C_T","BARC-057349-14704","BARC-030059-06795",75.71,76.37,"Oil","Population 202","Combined","Oil2","BARC-057349-14704","BARC-030059-06795",75.71,76.37,0.24,5.57
"20@41.7",20,41.7,19.2413923438068,"Gm20_32603292_A_G","Gm20_32902160_T_G","BARC-041129-07912","BARC-020713-04700",33.21,38.61,"Oil","Population 201","Cas","Oil3","BARC-041129-07912","BARC-020713-04700",33.21,38.61,0.6,28.64
"20@33.8",20,33.8,26.6186767376407,"Gm20_18829763_G_A","Gm20_29594697_A_G","BARC-055303-13196","BARC-010347-00606",30.3,31.84,"Oil","Population 201","Cla","Oil3","BARC-055303-13196","BARC-010347-00606",30.3,31.84,0.49,35.84
"20@0.0",20,0,6.87608918444996,"Gm20_35625615_C_T","Gm20_36710448_A_C","BARC-053115-11717","BARC-041445-07985",49.95,57.45,"Oil","Population 202","Cla","Oil3","BARC-053115-11717","BARC-041445-07985",49.95,57.45,0.31,10.61
"20@33.8",20,33.8,9.64913193523179,"Gm20_18829763_G_A","Gm20_29594697_A_G","BARC-055303-13196","BARC-010347-00606",30.3,31.84,"Oil","Population 201","Combined","Oil3","BARC-055303-13196","BARC-010347-00606",30.3,31.84,0.54,42.92
"20@0.0",20,0,8.05370098584365,"Gm20_35625615_C_T","Gm20_36710448_A_C","BARC-053115-11717","BARC-041445-07985",49.95,57.45,"Oil","Population 202","Combined","Oil3","BARC-053115-11717","BARC-041445-07985",49.95,57.45,0.32,10.92
"2@12.2",2,12.2,3.47372012761789,"Gm02_4957187_A_G","Gm02_5343214_T_C","BARC-016573-02145","BARC-056237-14178",29.98,30.67,"Oil","Population 202","Combined","Oil4","BARC-016573-02145","BARC-056237-14178",29.98,30.67,0.22,4.6
"2@12.2",2,12.2,5.59936352612897,"Gm02_4957187_A_G","Gm02_5343214_T_C","BARC-016573-02145","BARC-056237-14178",29.98,30.67,"Oil","Population 202","Ply","Oil4","BARC-016573-02145","BARC-056237-14178",29.98,30.67,0.41,8.5
"17@3.7",17,3.7,4.95722531653387,"Gm17_9590152_T_G","Gm17_8939133_A_G","BARC-048381-10555","BARC-031145-07005",41.55,50.41,"Oil","Population 201","Cla","Oil5","BARC-048381-10555","BARC-031145-07005",41.55,50.41,0.22,7.5
"17@0.0",17,0,5.40081994982172,"Gm17_9590152_T_G","Gm17_8939133_A_G","BARC-048381-10555","BARC-031145-07005",41.55,50.41,"Oil","Population 201","Combined","Oil5","BARC-048381-10555","BARC-031145-07005",41.55,50.41,0.19,5.23
"18@66.2",18,66.2,3.41318654499542,"Gm18_9678773_T_C","Gm18_9133223_C_A","BARC-039993-07626","BARC-027814-06681",40.81,45.11,"Oil","Population 202","Cas","Oil6","BARC-039993-07626","BARC-027814-06681",40.81,45.11,0.29,6.9
"18@66.2",18,66.2,3.96699901456781,"Gm18_9678773_T_C","Gm18_9133223_C_A","BARC-039993-07626","BARC-027814-06681",40.81,45.11,"Oil","Population 202","Cla","Oil6","BARC-039993-07626","BARC-027814-06681",40.81,45.11,0.21,4.92
"18@66.2",18,66.2,5.61313178576519,"Gm18_9678773_T_C","Gm18_9133223_C_A","BARC-039993-07626","BARC-027814-06681",40.81,45.11,"Oil","Population 202","Combined","Oil6","BARC-039993-07626","BARC-027814-06681",40.81,45.11,0.25,6.36
"2@122.5",2,122.5,3.71239593075742,"Gm02_42788887_A_G","Gm02_42928916_T_C","BARC-055839-13759","BARC-064837-18812",90.55,94.41,"Oil","Population 202","Combined","Oil7","BARC-055839-13759","BARC-064837-18812",90.55,94.41,0.23,5.2
"4@153.2",4,153.2,4.11442712348094,"Gm04_47642228_A_G","Gm04_48812166_A_G","BARC-054297-12455","BARC-032045-07244",103.42,110.22,"Oil","Population 201","Cla","Oil8","BARC-054297-12455","BARC-032045-07244",103.42,110.22,0.16,3.76
"8@0.0",8,0,3.09539101905074,"Gm08_4667338_C_T","Gm08_4747497_G_T","BARC-037229-06749","BARC-022013-04250",29.75,30.83,"Oil","Population 201","Combined","Oil9","BARC-037229-06749","BARC-022013-04250",29.75,30.83,0.16,4.03
"14@69.4",14,69.4,3.47334724502135,"Gm14_7387315_T_G","Gm14_7733148_T_C","BARC-044549-08718","BARC-064873-18956",40.03,45.46,"Oil","Population 201","Cla","Oil10","BARC-044549-08718","BARC-064873-18956",40.03,45.46,-0.04,0.24
"15@33.7",15,33.7,4.36637194748205,"Gm15_5924951_A_G","Gm15_6066709_C_A","BARC-029599-06237","BARC-029771-06336",28.33,34.43,"Oil","Population 201","Ply","Oil11","BARC-029599-06237","BARC-029771-06336",28.33,34.43,-0.26,4.95
"17@26.8",17,26.8,3.56547232984627,"Gm17_5887651_A_G","Gm17_6153400_T_C","BARC-055705-13616","BARC-054153-12360",22.64,34.27,"Oil","Population 201","Cas","Oil12","BARC-055705-13616","BARC-054153-12360",22.64,34.27,0.27,5.82
"18@95.8",18,95.8,4.25427788563317,"Gm18_58143983_T_C","Gm18_59184470_T_C","BARC-041331-07965","BARC-010491-00654",80.96,93,"Oil","Population 201","Combined","Oil13","BARC-041331-07965","BARC-010491-00654",80.96,93,0.11,1.96
"14@16.9",14,16.9,3.85848041708174,"Gm14_2480875_A_C","Gm14_2712470_G_A","BARC-065411-19443","BARC-065327-19348",13.1,15.33,"Pro","Population 201","Cas","Pro1","BARC-065411-19443","BARC-065327-19348",13.1,15.33,0.41,3.42
"14@6.5",14,6.5,7.37123827324978,"Gm14_2480875_A_C","Gm14_2650425_C_T","BARC-065411-19443","BARC-020561-04671",13.1,14.85,"Pro","Population 202","Combined","Pro1","BARC-065411-19443","BARC-020561-04671",13.1,14.85,-0.73,13.89
"14@16.9",14,16.9,11.0190110867316,"Gm14_2480875_A_C","Gm14_2712470_G_A","BARC-065411-19443","BARC-065327-19348",13.1,15.33,"Pro","Population 201","Ply","Pro1","BARC-065411-19443","BARC-065327-19348",13.1,15.33,-1.45,23.24
"14@24.2",14,24.2,9.36731802393635,"Gm14_4264490_T_G","Gm14_6969042_T_C","BARC-017877-02411","BARC-050249-09527",15.32,38.37,"Pro","Population 202","Ply","Pro1","BARC-017877-02411","BARC-050249-09527",15.32,38.37,-1.53,24.59
"20@1.8",20,1.8,3.77626845542325,"Gm20_36710448_A_C","Gm20_41382207_G_T","BARC-038869-07364","BARC-025815-05092",55.3,87.03,"Pro","Population 202","Cas","Pro2","BARC-038869-07364","BARC-025815-05092",55.3,87.03,-0.52,6.79
"20@41.7",20,41.7,9.43671881875533,"Gm20_32603292_A_G","Gm20_32902160_T_G","BARC-041129-07912","BARC-020713-04700",33.21,38.61,"Pro","Population 201","Cas","Pro2","BARC-041129-07912","BARC-020713-04700",33.21,38.61,-1.05,22.37
"20@0.0",20,0,8.89427855386762,"Gm20_35625615_C_T","Gm20_36710448_A_C","BARC-053115-11717","BARC-041445-07985",49.95,57.45,"Pro","Population 202","Cla","Pro2","BARC-053115-11717","BARC-041445-07985",49.95,57.45,-0.74,17.42
"20@33.8",20,33.8,26.9117538582679,"Gm20_18829763_G_A","Gm20_29594697_A_G","BARC-055303-13196","BARC-010347-00606",30.3,31.84,"Pro","Population 201","Cla","Pro2","BARC-055303-13196","BARC-010347-00606",30.3,31.84,-1.06,44
"20@0.0",20,0,11.5547079940935,"Gm20_35625615_C_T","Gm20_36710448_A_C","BARC-053115-11717","BARC-041445-07985",49.95,57.45,"Pro","Population 202","Combined","Pro2","BARC-053115-11717","BARC-041445-07985",49.95,57.45,-0.71,13.39
"20@33.8",20,33.8,27.2519567748943,"Gm20_18829763_G_A","Gm20_29594697_A_G","BARC-055303-13196","BARC-010347-00606",30.3,31.84,"Pro","Population 201","Combined","Pro2","BARC-055303-13196","BARC-010347-00606",30.3,31.84,-1.04,39.99
"20@28.3",20,28.3,3.52094446663637,"Gm20_3078662_A_G","Gm20_4730717_T_G","BARC-040841-07852","BARC-049639-09085",27.14,29.56,"Pro","Population 201","Ply","Pro2","BARC-040841-07852","BARC-049639-09085",27.14,29.56,-0.79,6.8
"2@0.0",2,0,3.92801666163659,"Gm02_4069373_T_G","Gm02_4319761_C_T","BARC-020481-04638","BARC-018187-02537",25.11,27.01,"Pro","Population 202","Cla","Pro3","BARC-020481-04638","BARC-018187-02537",25.11,27.01,-0.43,5.34
"2@12.2",2,12.2,5.411309360761,"Gm02_4957187_A_G","Gm02_5343214_T_C","BARC-016573-02145","BARC-056237-14178",29.98,30.67,"Pro","Population 202","Combined","Pro3","BARC-016573-02145","BARC-056237-14178",29.98,30.67,-0.54,7.41
"2@12.2",2,12.2,4.38134697351735,"Gm02_4957187_A_G","Gm02_5343214_T_C","BARC-016573-02145","BARC-056237-14178",29.98,30.67,"Pro","Population 202","Ply","Pro3","BARC-016573-02145","BARC-056237-14178",29.98,30.67,-0.95,9.12
"15@107.2",15,107.2,8.03570489229031,"Gm15_15952535_C_A","Gm15_19784640_A_G","BARC-060905-16966","BARC-048215-10508",71.42,75.71,"Pro","Population 201","Cas","Pro4","BARC-060905-16966","BARC-048215-10508",71.42,75.71,-0.79,12.71
"15@107.2",15,107.2,6.9838360365416,"Gm15_15952535_C_A","Gm15_19784640_A_G","BARC-060905-16966","BARC-048215-10508",71.42,75.71,"Pro","Population 201","Combined","Pro4","BARC-060905-16966","BARC-048215-10508",71.42,75.71,-0.45,7.49
"15@37.1",15,37.1,3.31137020913624,"Gm15_6066709_C_A","Gm15_6550454_G_A","BARC-029599-06237","BARC-041187-07932",28.33,31.26,"Pro","Population 201","Cas","Pro5","BARC-029599-06237","BARC-041187-07932",28.33,31.26,-0.07,0.16
"4@143.2",4,143.2,3.92214652052833,"Gm04_46774083_G_A","Gm04_46966383_G_A","BARC-041539-08030","BARC-024463-04896",100.42,102.48,"Pro","Population 201","Cas","Pro6","BARC-041539-08030","BARC-024463-04896",100.42,102.48,-0.26,1.5
"2@147.0",2,147,3.80011598172859,"Gm02_44863895_G_T","Gm02_45445720_T_C","BARC-021561-04146","BARC-013983-01297",95.45,103.6,"Pro","Population 202","Combined","Pro7","BARC-021561-04146","BARC-013983-01297",95.45,103.6,-0.41,4.38
"13@0.0",13,0,7.33820102554618,"Gm13_27935177_A_G","Gm13_31424193_T_G","BARC-065495-19507","BARC-055499-13329",51.9,61.35,"SDWT","Population 202","Cas","SDWT1","BARC-065495-19507","BARC-055499-13329",51.9,61.35,-0.57,11.24
"13@9.7",13,9.7,8.04231615029142,"Gm13_32254260_T_C","Gm13_32435575_G_A","BARC-013257-00462","BARC-038503-10136",65.12,66.91,"SDWT","Population 202","Combined","SDWT1","BARC-013257-00462","BARC-038503-10136",65.12,66.91,-0.5,11.99
"15@107.2",15,107.2,3.63007532948386,"Gm15_15952535_C_A","Gm15_19784640_A_G","BARC-060905-16966","BARC-048215-10508",71.42,75.71,"SDWT","Population 201","Combined","SDWT2","BARC-060905-16966","BARC-048215-10508",71.42,75.71,-0.39,8.44
"15@8.9",15,8.9,3.44598348262619,"Gm15_20639275_T_C","Gm15_20452272_C_T","BARC-057349-14704","BARC-030059-06795",75.71,76.37,"SDWT","Population 202","Ply","SDWT2","BARC-057349-14704","BARC-030059-06795",75.71,76.37,-0.48,6.28
"20@41.7",20,41.7,7.39956901044583,"Gm20_32603292_A_G","Gm20_32902160_T_G","BARC-041129-07912","BARC-020713-04700",33.21,38.61,"SDWT","Population 201","Cas","SDWT3","BARC-041129-07912","BARC-020713-04700",33.21,38.61,0.66,11.68
"20@33.8",20,33.8,4.4856834337843,"Gm20_18829763_G_A","Gm20_29594697_A_G","BARC-055303-13196","BARC-010347-00606",30.3,31.84,"SDWT","Population 201","Combined","SDWT3","BARC-055303-13196","BARC-010347-00606",30.3,31.84,0.41,9.25
"20@49.4",20,49.4,3.2714355059278,"Gm20_32902160_T_G","Gm20_33049242_A_G","BARC-011685-00328","BARC-041717-08071",35.51,39.32,"SDWT","Population 201","Ply","SDWT3","BARC-011685-00328","BARC-041717-08071",35.51,39.32,0.48,7.46
"9@9.8",9,9.8,4.23353622123169,"Gm09_4517002_T_C","Gm09_27092089_A_G","BARC-041991-08155","BARC-018259-03533",31.57,42.64,"SDWT","Population 202","Ply","SDWT4","BARC-041991-08155","BARC-018259-03533",31.57,42.64,0.26,1.84
"12@0.0",12,0,3.72501030592714,"Gm12_82828_T_C","Gm12_553862_G_T","BARC-050539-09728","BARC-047839-10407",5.76,6.17,"SDWT","Population 201","Cas","SDWT5","BARC-050539-09728","BARC-047839-10407",5.76,6.17,0.44,5.31
"14@16.9",14,16.9,10.528367346671,"Gm14_2480875_A_C","Gm14_2712470_G_A","BARC-065411-19443","BARC-065327-19348",13.1,15.33,"SDWT","Population 201","Ply","SDWT6","BARC-065411-19443","BARC-065327-19348",13.1,15.33,-0.64,14
